reading_id,timestamp,sensor_id,location,grid_x,grid_y,temperature_c,humidity_pct,co2_ppm,noise_db,occupancy
1,2024-03-01 00:00:00,SENSOR-001,Floor 1 - Zone A,0.995,0.91,,57.1,471.0,38.2,0
2,2024-03-01 00:00:00,SENSOR-002,Floor 1 - Zone B,1.022,1.89,23.4,54.6,427.0,52.0,1
3,2024-03-01 00:00:00,SENSOR-003,Floor 1 - Zone C,0.9,2.976,24.0,66.0,471.0,49.0,1
4,2024-03-01 00:00:00,SENSOR-004,Floor 2 - Zone A,2.06,1.025,21.2,53.1,383.0,34.0,1
5,2024-03-01 00:00:00,SENSOR-005,Floor 2 - Zone B,2.073,2.011,21.6,58.6,433.0,36.9,1
6,2024-03-01 00:00:00,SENSOR-006,Floor 2 - Zone C,2.077,3.025,23.6,64.2,393.0,27.5,1
7,2024-03-01 00:00:00,SENSOR-007,Floor 3 - Zone A,2.96,1.045,21.2,58.6,500.0,35.1,1
8,2024-03-01 00:00:00,SENSOR-008,Floor 3 - Zone B,3.034,1.972,19.4,50.7,409.0,39.9,0
9,2024-03-01 00:00:00,SENSOR-009,Floor 3 - Zone C,3.036,3.014,22.2,56.1,574.0,34.7,1
10,2024-03-01 00:00:00,SENSOR-010,Floor 4 - Zone A,3.991,0.967,19.8,56.1,460.0,29.4,1
11,2024-03-01 00:00:00,SENSOR-011,Floor 4 - Zone B,3.959,1.966,22.9,64.9,474.0,42.6,0
12,2024-03-01 00:00:00,SENSOR-012,Floor 4 - Zone C,4.051,2.997,20.2,61.4,429.0,45.0,0
13,2024-03-01 00:00:00,SENSOR-013,Rooftop - North,4.917,1.582,25.7,54.5,482.0,24.3,1
14,2024-03-01 00:00:00,SENSOR-014,Rooftop - South,4.999,2.431,25.8,69.5,328.0,38.4,1
15,2024-03-01 00:00:00,SENSOR-015,Basement - Main,0.05,2.051,19.0,47.4,404.0,42.1,1
16,2024-03-01 00:00:00,SENSOR-016,Basement - Storage,-0.034,0.981,85.0,56.6,407.0,44.0,1
17,2024-03-01 00:00:00,SENSOR-017,Lobby - Entrance,0.474,1.98,20.5,74.3,395.0,42.0,0
18,2024-03-01 00:00:00,SENSOR-018,Lobby - Reception,0.485,0.934,21.5,51.3,562.0,64.5,0
19,2024-03-01 00:00:00,SENSOR-019,Carpark - B1,-0.947,2.045,20.4,40.4,601.0,38.4,1
20,2024-03-01 00:00:00,SENSOR-020,Carpark - B2,-1.999,2.011,17.0,49.6,324.0,43.7,1
21,2024-03-02 00:00:00,SENSOR-001,Floor 1 - Zone A,0.995,0.999,22.2,60.6,530.0,47.9,1
22,2024-03-02 00:00:00,SENSOR-002,Floor 1 - Zone B,0.953,1.961,22.8,49.6,479.0,28.3,0
23,2024-03-02 00:00:00,SENSOR-003,Floor 1 - Zone C,1.027,3.007,20.9,59.1,437.0,37.9,1
24,2024-03-02 00:00:00,SENSOR-004,Floor 2 - Zone A,1.96,1.008,22.5,55.3,384.0,47.0,1
25,2024-03-02 00:00:00,SENSOR-005,Floor 2 - Zone B,2.037,2.01,20.8,46.6,506.0,64.8,1
26,2024-03-02 00:00:00,SENSOR-006,Floor 2 - Zone C,1.99,2.989,21.6,41.8,197.0,27.6,0
27,2024-03-02 00:00:00,SENSOR-007,Floor 3 - Zone A,2.931,1.124,20.4,46.3,605.0,31.1,1
28,2024-03-02 00:00:00,SENSOR-008,Floor 3 - Zone B,2.979,2.01,22.0,50.3,500.0,19.4,1
29,2024-03-02 00:00:00,SENSOR-009,Floor 3 - Zone C,2.919,2.959,22.6,59.5,589.0,23.5,1
30,2024-03-02 00:00:00,SENSOR-010,Floor 4 - Zone A,4.06,1.074,20.5,63.6,445.0,28.9,0
31,2024-03-02 00:00:00,SENSOR-011,Floor 4 - Zone B,4.023,1.98,21.9,59.6,457.0,52.2,0
32,2024-03-02 00:00:00,SENSOR-012,Floor 4 - Zone C,4.008,2.981,24.4,54.8,270.0,45.8,1
33,2024-03-02 00:00:00,SENSOR-013,Rooftop - North,4.989,1.528,24.6,53.5,360.0,44.9,0
34,2024-03-02 00:00:00,SENSOR-014,Rooftop - South,4.926,2.469,25.8,59.8,492.0,46.9,1
35,2024-03-02 00:00:00,SENSOR-015,Basement - Main,-0.019,1.98,18.6,54.6,514.0,49.6,1
36,2024-03-02 00:00:00,SENSOR-016,Basement - Storage,0.05,0.939,21.0,77.9,444.0,38.0,1
37,2024-03-02 00:00:00,SENSOR-017,Lobby - Entrance,0.459,1.902,22.6,54.4,316.0,43.2,1
38,2024-03-02 00:00:00,SENSOR-018,Lobby - Reception,0.446,0.941,20.5,47.4,546.0,50.1,1
39,2024-03-02 00:00:00,SENSOR-019,Carpark - B1,-1.051,2.026,23.9,42.0,495.0,27.3,1
40,2024-03-02 00:00:00,SENSOR-020,Carpark - B2,-1.902,2.016,18.3,61.0,315.0,44.3,1
41,2024-03-03 00:00:00,SENSOR-001,Floor 1 - Zone A,0.95,0.996,22.4,58.5,431.0,35.2,1
42,2024-03-03 00:00:00,SENSOR-002,Floor 1 - Zone B,0.952,2.043,22.6,46.2,427.0,22.1,0
43,2024-03-03 00:00:00,SENSOR-003,Floor 1 - Zone C,0.982,2.994,20.2,44.5,339.0,35.1,1
44,2024-03-03 00:00:00,SENSOR-004,Floor 2 - Zone A,2.016,1.067,20.7,64.4,441.0,34.0,1
45,2024-03-03 00:00:00,SENSOR-005,Floor 2 - Zone B,2.001,2.027,23.8,51.6,360.0,36.8,0
46,2024-03-03 00:00:00,SENSOR-006,Floor 2 - Zone C,2.003,3.028,22.0,62.7,341.0,42.9,0
47,2024-03-03 00:00:00,SENSOR-007,Floor 3 - Zone A,2.948,1.023,22.0,67.7,480.0,45.9,1
48,2024-03-03 00:00:00,SENSOR-008,Floor 3 - Zone B,2.984,2.108,21.1,50.7,431.0,46.1,1
49,2024-03-03 00:00:00,SENSOR-009,Floor 3 - Zone C,3.057,2.931,20.5,56.6,437.0,64.1,1
50,2024-03-03 00:00:00,SENSOR-010,Floor 4 - Zone A,3.985,0.907,22.9,60.6,372.0,54.1,1
51,2024-03-03 00:00:00,SENSOR-011,Floor 4 - Zone B,4.018,1.874,23.8,55.0,374.0,33.5,1
52,2024-03-03 00:00:00,SENSOR-012,Floor 4 - Zone C,4.006,2.991,21.7,44.4,358.0,33.8,1
53,2024-03-03 00:00:00,SENSOR-013,Rooftop - North,4.993,1.558,23.7,57.8,500.0,40.7,0
54,2024-03-03 00:00:00,SENSOR-014,Rooftop - South,4.969,2.425,24.2,51.0,428.0,33.2,0
55,2024-03-03 00:00:00,SENSOR-015,Basement - Main,0.054,2.086,19.7,52.8,442.0,29.3,1
56,2024-03-03 00:00:00,SENSOR-016,Basement - Storage,0.017,1.003,18.4,48.2,479.0,42.3,1
57,2024-03-03 00:00:00,SENSOR-017,Lobby - Entrance,0.496,2.003,23.7,59.0,516.0,53.8,1
58,2024-03-03 00:00:00,SENSOR-018,Lobby - Reception,0.502,1.012,24.1,64.1,618.0,51.8,1
59,2024-03-03 00:00:00,SENSOR-019,Carpark - B1,-1.068,2.02,20.8,48.8,464.0,42.4,0
60,2024-03-03 00:00:00,SENSOR-020,Carpark - B2,-1.959,2.018,20.3,44.3,621.0,22.2,0
61,2024-03-04 00:00:00,SENSOR-001,Floor 1 - Zone A,0.966,1.029,21.3,50.1,447.0,45.9,1
62,2024-03-04 00:00:00,SENSOR-002,Floor 1 - Zone B,1.022,1.984,21.4,53.6,343.0,31.9,1
63,2024-03-04 00:00:00,SENSOR-003,Floor 1 - Zone C,1.06,3.025,22.4,36.4,445.0,46.9,1
64,2024-03-04 00:00:00,SENSOR-004,Floor 2 - Zone A,1.975,1.024,23.7,55.5,441.0,33.2,1
65,2024-03-04 00:00:00,SENSOR-005,Floor 2 - Zone B,2.043,2.036,22.9,54.7,475.0,56.5,1
66,2024-03-04 00:00:00,SENSOR-006,Floor 2 - Zone C,1.942,2.998,21.8,53.6,566.0,52.9,1
67,2024-03-04 00:00:00,SENSOR-007,Floor 3 - Zone A,2.996,0.892,22.1,46.2,511.0,31.0,1
68,2024-03-04 00:00:00,SENSOR-008,Floor 3 - Zone B,3.048,2.02,23.8,51.4,519.0,45.0,1
69,2024-03-04 00:00:00,SENSOR-009,Floor 3 - Zone C,2.98,2.983,22.6,59.8,299.0,23.5,1
70,2024-03-04 00:00:00,SENSOR-010,Floor 4 - Zone A,4.061,0.978,21.9,49.0,283.0,31.3,1
71,2024-03-04 00:00:00,SENSOR-011,Floor 4 - Zone B,4.018,2.015,20.6,50.6,409.0,51.8,0
72,2024-03-04 00:00:00,SENSOR-012,Floor 4 - Zone C,3.958,2.945,22.6,54.2,416.0,56.5,0
73,2024-03-04 00:00:00,SENSOR-013,Rooftop - North,4.97,1.453,24.5,52.6,448.0,40.1,1
74,2024-03-04 00:00:00,SENSOR-014,Rooftop - South,5.003,2.472,24.6,59.2,499.0,42.2,1
75,2024-03-04 00:00:00,SENSOR-015,Basement - Main,-0.037,1.99,18.9,55.6,507.0,60.4,0
76,2024-03-04 00:00:00,SENSOR-016,Basement - Storage,0.027,0.937,20.4,55.3,522.0,46.1,1
77,2024-03-04 00:00:00,SENSOR-017,Lobby - Entrance,0.435,1.995,22.0,52.2,426.0,46.7,0
78,2024-03-04 00:00:00,SENSOR-018,Lobby - Reception,0.519,0.976,21.6,54.6,434.0,29.8,0
79,2024-03-04 00:00:00,SENSOR-019,Carpark - B1,-1.009,1.951,18.2,62.3,318.0,50.8,1
80,2024-03-04 00:00:00,SENSOR-020,Carpark - B2,-2.067,1.97,19.7,48.3,314.0,43.0,1
81,2024-03-05 00:00:00,SENSOR-001,Floor 1 - Zone A,1.031,0.947,22.6,59.6,390.0,59.4,0
82,2024-03-05 00:00:00,SENSOR-002,Floor 1 - Zone B,0.925,2.022,21.7,45.0,446.0,40.9,1
83,2024-03-05 00:00:00,SENSOR-003,Floor 1 - Zone C,1.057,2.971,22.7,50.9,393.0,42.9,1
84,2024-03-05 00:00:00,SENSOR-004,Floor 2 - Zone A,2.055,0.98,21.7,46.6,354.0,51.9,1
85,2024-03-05 00:00:00,SENSOR-005,Floor 2 - Zone B,2.049,2.005,23.3,40.9,437.0,17.7,1
86,2024-03-05 00:00:00,SENSOR-006,Floor 2 - Zone C,2.01,2.995,21.7,51.1,509.0,39.3,1
87,2024-03-05 00:00:00,SENSOR-007,Floor 3 - Zone A,3.072,0.989,22.7,58.5,484.0,63.0,1
88,2024-03-05 00:00:00,SENSOR-008,Floor 3 - Zone B,2.956,1.953,21.6,53.4,423.0,39.3,0
89,2024-03-05 00:00:00,SENSOR-009,Floor 3 - Zone C,2.973,2.918,23.0,49.4,378.0,31.5,1
90,2024-03-05 00:00:00,SENSOR-010,Floor 4 - Zone A,3.982,1.02,24.0,44.3,279.0,43.8,0
91,2024-03-05 00:00:00,SENSOR-011,Floor 4 - Zone B,4.007,2.042,22.7,59.8,541.0,47.5,1
92,2024-03-05 00:00:00,SENSOR-012,Floor 4 - Zone C,3.983,2.915,23.9,56.6,547.0,16.4,0
93,2024-03-05 00:00:00,SENSOR-013,Rooftop - North,4.985,1.456,25.3,59.0,456.0,28.8,0
94,2024-03-05 00:00:00,SENSOR-014,Rooftop - South,4.854,2.499,26.3,47.5,,54.8,1
95,2024-03-05 00:00:00,SENSOR-015,Basement - Main,-0.087,2.063,19.3,59.0,628.0,46.7,1
96,2024-03-05 00:00:00,SENSOR-016,Basement - Storage,-0.021,1.003,19.6,48.3,444.0,31.8,0
97,2024-03-05 00:00:00,SENSOR-017,Lobby - Entrance,0.465,2.007,21.1,49.7,473.0,57.3,1
98,2024-03-05 00:00:00,SENSOR-018,Lobby - Reception,0.491,0.954,21.1,57.0,508.0,49.3,1
99,2024-03-05 00:00:00,SENSOR-019,Carpark - B1,-1.025,2.079,16.6,65.6,278.0,45.2,0
100,2024-03-05 00:00:00,SENSOR-020,Carpark - B2,-1.917,2.033,21.5,56.2,471.0,52.6,1
101,2024-03-06 00:00:00,SENSOR-001,Floor 1 - Zone A,0.994,1.02,20.1,50.2,9999.0,34.0,0
102,2024-03-06 00:00:00,SENSOR-002,Floor 1 - Zone B,1.055,1.914,21.4,55.8,395.0,38.5,1
103,2024-03-06 00:00:00,SENSOR-003,Floor 1 - Zone C,0.988,3.062,21.5,70.1,326.0,23.8,1
104,2024-03-06 00:00:00,SENSOR-004,Floor 2 - Zone A,1.941,1.104,20.9,65.9,347.0,47.1,1
105,2024-03-06 00:00:00,SENSOR-005,Floor 2 - Zone B,1.97,1.915,20.4,59.5,464.0,50.9,1
106,2024-03-06 00:00:00,SENSOR-006,Floor 2 - Zone C,2.038,3.072,21.6,63.2,428.0,62.4,1
107,2024-03-06 00:00:00,SENSOR-007,Floor 3 - Zone A,3.001,1.053,,60.7,538.0,44.2,1
108,2024-03-06 00:00:00,SENSOR-008,Floor 3 - Zone B,3.123,2.005,20.2,56.1,550.0,48.5,1
109,2024-03-06 00:00:00,SENSOR-009,Floor 3 - Zone C,2.988,3.033,20.9,63.7,443.0,54.2,1
110,2024-03-06 00:00:00,SENSOR-010,Floor 4 - Zone A,3.889,0.936,24.7,59.5,372.0,51.5,0
111,2024-03-06 00:00:00,SENSOR-011,Floor 4 - Zone B,4.071,1.984,24.1,44.6,570.0,65.4,1
112,2024-03-06 00:00:00,SENSOR-012,Floor 4 - Zone C,4.071,3.015,22.1,53.9,533.0,34.9,0
113,2024-03-06 00:00:00,SENSOR-013,Rooftop - North,4.98,1.482,27.6,59.1,469.0,49.7,1
114,2024-03-06 00:00:00,SENSOR-014,Rooftop - South,4.937,2.458,25.0,51.9,480.0,44.0,1
115,2024-03-06 00:00:00,SENSOR-015,Basement - Main,-0.056,2.008,19.9,64.1,373.0,25.7,1
116,2024-03-06 00:00:00,SENSOR-016,Basement - Storage,-0.066,1.033,18.5,65.4,474.0,35.9,1
117,2024-03-06 00:00:00,SENSOR-017,Lobby - Entrance,0.454,2.062,21.5,50.9,420.0,38.8,1
118,2024-03-06 00:00:00,SENSOR-018,Lobby - Reception,0.548,1.023,,43.6,543.0,59.9,1
119,2024-03-06 00:00:00,SENSOR-019,Carpark - B1,-1.012,1.962,20.6,54.8,506.0,44.3,0
120,2024-03-06 00:00:00,SENSOR-020,Carpark - B2,-1.899,1.919,20.5,45.7,499.0,40.1,1
121,2024-03-07 00:00:00,SENSOR-001,Floor 1 - Zone A,1.037,1.027,19.6,59.3,,43.4,1
122,2024-03-07 00:00:00,SENSOR-002,Floor 1 - Zone B,0.944,2.106,20.9,57.9,385.0,30.0,1
123,2024-03-07 00:00:00,SENSOR-003,Floor 1 - Zone C,1.078,2.969,24.1,72.3,,40.7,1
124,2024-03-07 00:00:00,SENSOR-004,Floor 2 - Zone A,2.001,0.972,23.7,52.5,513.0,45.9,1
125,2024-03-07 00:00:00,SENSOR-005,Floor 2 - Zone B,2.101,2.07,23.8,62.9,519.0,44.2,1
126,2024-03-07 00:00:00,SENSOR-006,Floor 2 - Zone C,2.001,3.0,22.3,61.0,498.0,42.0,1
127,2024-03-07 00:00:00,SENSOR-007,Floor 3 - Zone A,2.927,1.052,23.3,64.7,547.0,51.5,1
128,2024-03-07 00:00:00,SENSOR-008,Floor 3 - Zone B,3.022,2.021,24.9,59.2,264.0,40.1,0
129,2024-03-07 00:00:00,SENSOR-009,Floor 3 - Zone C,3.042,3.019,24.5,60.5,264.0,47.8,1
130,2024-03-07 00:00:00,SENSOR-010,Floor 4 - Zone A,3.992,0.953,20.8,44.9,550.0,55.7,1
131,2024-03-07 00:00:00,SENSOR-011,Floor 4 - Zone B,4.049,2.016,22.8,54.0,534.0,53.3,1
132,2024-03-07 00:00:00,SENSOR-012,Floor 4 - Zone C,3.962,3.014,22.2,61.3,558.0,33.1,0
133,2024-03-07 00:00:00,SENSOR-013,Rooftop - North,4.978,1.53,24.8,63.8,488.0,38.2,0
134,2024-03-07 00:00:00,SENSOR-014,Rooftop - South,4.974,2.479,25.4,62.1,455.0,23.9,1
135,2024-03-07 00:00:00,SENSOR-015,Basement - Main,0.034,2.056,,65.9,460.0,36.6,1
136,2024-03-07 00:00:00,SENSOR-016,Basement - Storage,0.032,1.001,18.1,67.8,435.0,22.5,0
137,2024-03-07 00:00:00,SENSOR-017,Lobby - Entrance,0.429,1.956,21.8,45.1,486.0,52.7,1
138,2024-03-07 00:00:00,SENSOR-018,Lobby - Reception,0.556,0.942,23.2,48.3,490.0,58.5,1
139,2024-03-07 00:00:00,SENSOR-019,Carpark - B1,-1.026,1.943,18.1,46.6,485.0,48.1,1
140,2024-03-07 00:00:00,SENSOR-020,Carpark - B2,-2.058,1.889,19.8,47.9,469.0,55.1,1
141,2024-03-08 00:00:00,SENSOR-001,Floor 1 - Zone A,0.994,0.991,24.5,60.3,337.0,47.8,1
142,2024-03-08 00:00:00,SENSOR-002,Floor 1 - Zone B,0.991,1.991,21.4,66.2,525.0,40.0,1
143,2024-03-08 00:00:00,SENSOR-003,Floor 1 - Zone C,1.004,3.033,22.4,63.8,365.0,42.0,1
144,2024-03-08 00:00:00,SENSOR-004,Floor 2 - Zone A,1.986,0.99,22.3,64.4,464.0,51.0,1
145,2024-03-08 00:00:00,SENSOR-005,Floor 2 - Zone B,1.94,2.011,21.9,54.0,525.0,37.3,0
146,2024-03-08 00:00:00,SENSOR-006,Floor 2 - Zone C,1.982,3.015,21.7,46.6,432.0,45.7,0
147,2024-03-08 00:00:00,SENSOR-007,Floor 3 - Zone A,3.013,1.029,,64.0,,39.3,1
148,2024-03-08 00:00:00,SENSOR-008,Floor 3 - Zone B,3.063,2.017,22.3,62.0,412.0,42.5,1
149,2024-03-08 00:00:00,SENSOR-009,Floor 3 - Zone C,3.016,3.022,24.1,54.2,441.0,55.2,1
150,2024-03-08 00:00:00,SENSOR-010,Floor 4 - Zone A,4.035,0.978,22.0,59.8,426.0,41.5,1
151,2024-03-08 00:00:00,SENSOR-011,Floor 4 - Zone B,3.964,1.958,20.1,55.5,565.0,36.0,1
152,2024-03-08 00:00:00,SENSOR-012,Floor 4 - Zone C,3.931,3.015,21.7,50.2,,42.1,0
153,2024-03-08 00:00:00,SENSOR-013,Rooftop - North,4.907,1.52,25.4,56.4,306.0,41.7,0
154,2024-03-08 00:00:00,SENSOR-014,Rooftop - South,4.967,2.497,24.8,56.2,494.0,39.3,1
155,2024-03-08 00:00:00,SENSOR-015,Basement - Main,0.037,2.012,19.2,48.3,448.0,25.9,1
156,2024-03-08 00:00:00,SENSOR-016,Basement - Storage,0.06,1.005,20.1,46.8,495.0,32.8,1
157,2024-03-08 00:00:00,SENSOR-017,Lobby - Entrance,0.477,1.938,21.8,57.6,514.0,50.3,0
158,2024-03-08 00:00:00,SENSOR-018,Lobby - Reception,0.513,1.019,23.2,58.0,577.0,24.4,1
159,2024-03-08 00:00:00,SENSOR-019,Carpark - B1,-0.958,2.075,17.9,52.2,492.0,54.7,1
160,2024-03-08 00:00:00,SENSOR-020,Carpark - B2,-2.027,2.046,22.1,44.8,331.0,34.5,0
161,2024-03-09 00:00:00,SENSOR-001,Floor 1 - Zone A,0.983,1.066,21.6,55.8,327.0,37.3,1
162,2024-03-09 00:00:00,SENSOR-002,Floor 1 - Zone B,1.001,1.985,22.5,46.8,529.0,45.7,1
163,2024-03-09 00:00:00,SENSOR-003,Floor 1 - Zone C,1.016,2.988,20.9,33.5,488.0,55.8,0
164,2024-03-09 00:00:00,SENSOR-004,Floor 2 - Zone A,2.038,1.026,22.8,54.2,474.0,40.1,1
165,2024-03-09 00:00:00,SENSOR-005,Floor 2 - Zone B,2.046,2.028,21.6,50.2,541.0,39.0,0
166,2024-03-09 00:00:00,SENSOR-006,Floor 2 - Zone C,2.041,3.02,20.3,60.2,338.0,24.7,1
167,2024-03-09 00:00:00,SENSOR-007,Floor 3 - Zone A,3.026,1.048,22.5,58.7,317.0,47.2,1
168,2024-03-09 00:00:00,SENSOR-008,Floor 3 - Zone B,3.02,1.983,22.5,62.0,556.0,21.3,0
169,2024-03-09 00:00:00,SENSOR-009,Floor 3 - Zone C,2.96,3.092,22.6,61.8,477.0,38.4,0
170,2024-03-09 00:00:00,SENSOR-010,Floor 4 - Zone A,3.92,0.945,22.3,51.2,497.0,30.9,1
171,2024-03-09 00:00:00,SENSOR-011,Floor 4 - Zone B,4.049,2.005,22.9,46.5,318.0,49.5,0
172,2024-03-09 00:00:00,SENSOR-012,Floor 4 - Zone C,3.996,2.95,24.1,49.1,491.0,51.2,1
173,2024-03-09 00:00:00,SENSOR-013,Rooftop - North,4.975,1.487,24.9,56.8,423.0,28.5,0
174,2024-03-09 00:00:00,SENSOR-014,Rooftop - South,5.034,2.49,24.1,57.1,447.0,50.5,1
175,2024-03-09 00:00:00,SENSOR-015,Basement - Main,-0.021,2.102,19.0,54.1,576.0,32.6,0
176,2024-03-09 00:00:00,SENSOR-016,Basement - Storage,-0.005,0.98,20.2,53.3,670.0,16.2,0
177,2024-03-09 00:00:00,SENSOR-017,Lobby - Entrance,0.424,2.021,22.7,49.4,444.0,36.6,1
178,2024-03-09 00:00:00,SENSOR-018,Lobby - Reception,0.562,1.035,21.5,51.2,488.0,42.8,1
179,2024-03-09 00:00:00,SENSOR-019,Carpark - B1,-1.052,2.015,,55.3,376.0,34.2,1
180,2024-03-09 00:00:00,SENSOR-020,Carpark - B2,-1.964,1.937,19.9,58.2,523.0,34.8,0
181,2024-03-10 00:00:00,SENSOR-001,Floor 1 - Zone A,1.025,1.098,22.5,62.9,445.0,40.5,1
182,2024-03-10 00:00:00,SENSOR-002,Floor 1 - Zone B,1.017,1.971,21.1,47.4,500.0,42.6,1
183,2024-03-10 00:00:00,SENSOR-003,Floor 1 - Zone C,0.977,2.998,22.1,35.2,333.0,60.0,1
184,2024-03-10 00:00:00,SENSOR-004,Floor 2 - Zone A,1.986,0.958,23.0,44.9,559.0,52.2,1
185,2024-03-10 00:00:00,SENSOR-005,Floor 2 - Zone B,1.987,1.984,,45.1,445.0,46.4,1
186,2024-03-10 00:00:00,SENSOR-006,Floor 2 - Zone C,1.982,2.946,20.8,64.0,471.0,27.2,1
187,2024-03-10 00:00:00,SENSOR-007,Floor 3 - Zone A,3.031,0.994,20.2,44.8,467.0,35.9,0
188,2024-03-10 00:00:00,SENSOR-008,Floor 3 - Zone B,2.926,1.996,22.3,64.1,444.0,58.9,1
189,2024-03-10 00:00:00,SENSOR-009,Floor 3 - Zone C,2.985,3.024,21.6,55.4,419.0,28.3,0
190,2024-03-10 00:00:00,SENSOR-010,Floor 4 - Zone A,4.001,1.015,22.1,51.6,528.0,43.7,0
191,2024-03-10 00:00:00,SENSOR-011,Floor 4 - Zone B,3.975,1.945,20.6,60.4,,70.5,0
192,2024-03-10 00:00:00,SENSOR-012,Floor 4 - Zone C,4.008,3.066,20.8,64.5,458.0,64.8,1
193,2024-03-10 00:00:00,SENSOR-013,Rooftop - North,4.961,1.522,25.6,63.9,387.0,35.3,0
194,2024-03-10 00:00:00,SENSOR-014,Rooftop - South,5.013,2.52,23.9,60.4,654.0,43.3,1
195,2024-03-10 00:00:00,SENSOR-015,Basement - Main,0.051,1.906,20.9,51.6,478.0,35.1,1
196,2024-03-10 00:00:00,SENSOR-016,Basement - Storage,-0.023,0.951,21.1,47.3,418.0,46.6,1
197,2024-03-10 00:00:00,SENSOR-017,Lobby - Entrance,0.499,1.975,,55.5,554.0,40.7,1
198,2024-03-10 00:00:00,SENSOR-018,Lobby - Reception,0.559,1.042,22.6,58.9,514.0,42.2,1
199,2024-03-10 00:00:00,SENSOR-019,Carpark - B1,-0.934,2.063,19.0,49.2,482.0,38.8,1
200,2024-03-10 00:00:00,SENSOR-020,Carpark - B2,-1.937,2.006,18.9,48.9,595.0,38.6,1
201,2024-03-11 00:00:00,SENSOR-001,Floor 1 - Zone A,0.952,1.046,22.2,60.7,415.0,18.8,0
202,2024-03-11 00:00:00,SENSOR-002,Floor 1 - Zone B,1.032,2.001,20.9,44.0,402.0,37.2,1
203,2024-03-11 00:00:00,SENSOR-003,Floor 1 - Zone C,1.07,2.977,21.7,66.1,418.0,66.1,1
204,2024-03-11 00:00:00,SENSOR-004,Floor 2 - Zone A,2.024,0.952,22.7,62.9,493.0,47.4,1
205,2024-03-11 00:00:00,SENSOR-005,Floor 2 - Zone B,1.985,2.007,21.7,48.6,478.0,28.1,1
206,2024-03-11 00:00:00,SENSOR-006,Floor 2 - Zone C,2.035,2.994,22.7,53.2,502.0,44.2,1
207,2024-03-11 00:00:00,SENSOR-007,Floor 3 - Zone A,2.95,0.968,18.4,44.6,,34.9,1
208,2024-03-11 00:00:00,SENSOR-008,Floor 3 - Zone B,3.069,2.02,23.1,55.2,479.0,43.0,0
209,2024-03-11 00:00:00,SENSOR-009,Floor 3 - Zone C,3.099,3.063,20.9,60.6,487.0,51.6,1
210,2024-03-11 00:00:00,SENSOR-010,Floor 4 - Zone A,4.007,0.977,22.8,69.9,454.0,45.3,1
211,2024-03-11 00:00:00,SENSOR-011,Floor 4 - Zone B,4.01,1.983,21.2,37.9,377.0,56.8,1
212,2024-03-11 00:00:00,SENSOR-012,Floor 4 - Zone C,3.982,3.021,19.4,61.3,458.0,31.1,1
213,2024-03-11 00:00:00,SENSOR-013,Rooftop - North,5.031,1.412,25.0,36.1,403.0,43.9,1
214,2024-03-11 00:00:00,SENSOR-014,Rooftop - South,4.945,2.507,26.0,56.8,526.0,37.0,1
215,2024-03-11 00:00:00,SENSOR-015,Basement - Main,0.068,2.011,20.0,44.0,,48.1,1
216,2024-03-11 00:00:00,SENSOR-016,Basement - Storage,-0.062,0.968,21.0,60.6,349.0,18.6,1
217,2024-03-11 00:00:00,SENSOR-017,Lobby - Entrance,0.485,2.037,,58.1,476.0,28.0,0
218,2024-03-11 00:00:00,SENSOR-018,Lobby - Reception,0.457,0.938,21.6,53.6,386.0,19.3,1
219,2024-03-11 00:00:00,SENSOR-019,Carpark - B1,-1.006,2.093,22.4,44.1,500.0,41.7,1
220,2024-03-11 00:00:00,SENSOR-020,Carpark - B2,-1.947,1.935,,69.0,272.0,49.9,0
221,2024-03-12 00:00:00,SENSOR-001,Floor 1 - Zone A,1.037,0.918,22.6,51.5,414.0,43.8,1
222,2024-03-12 00:00:00,SENSOR-002,Floor 1 - Zone B,1.028,1.943,22.2,49.4,508.0,61.8,1
223,2024-03-12 00:00:00,SENSOR-003,Floor 1 - Zone C,0.969,3.014,20.7,63.5,358.0,48.9,0
224,2024-03-12 00:00:00,SENSOR-004,Floor 2 - Zone A,2.024,0.977,22.0,60.4,383.0,40.8,1
225,2024-03-12 00:00:00,SENSOR-005,Floor 2 - Zone B,2.047,2.026,21.7,71.6,352.0,44.5,0
226,2024-03-12 00:00:00,SENSOR-006,Floor 2 - Zone C,1.968,3.006,20.7,45.8,281.0,40.8,1
227,2024-03-12 00:00:00,SENSOR-007,Floor 3 - Zone A,3.083,1.053,21.9,60.2,385.0,23.0,0
228,2024-03-12 00:00:00,SENSOR-008,Floor 3 - Zone B,2.978,1.971,22.8,71.1,396.0,30.4,1
229,2024-03-12 00:00:00,SENSOR-009,Floor 3 - Zone C,3.019,2.9,22.3,39.7,368.0,31.8,1
230,2024-03-12 00:00:00,SENSOR-010,Floor 4 - Zone A,4.089,0.969,22.1,51.4,418.0,45.2,1
231,2024-03-12 00:00:00,SENSOR-011,Floor 4 - Zone B,4.072,1.964,20.1,55.0,514.0,50.4,1
232,2024-03-12 00:00:00,SENSOR-012,Floor 4 - Zone C,3.942,2.936,23.8,63.5,445.0,36.4,0
233,2024-03-12 00:00:00,SENSOR-013,Rooftop - North,4.968,1.55,24.9,54.9,423.0,37.6,1
234,2024-03-12 00:00:00,SENSOR-014,Rooftop - South,5.021,2.476,24.2,60.9,460.0,55.8,1
235,2024-03-12 00:00:00,SENSOR-015,Basement - Main,-0.099,2.093,,50.5,421.0,58.6,1
236,2024-03-12 00:00:00,SENSOR-016,Basement - Storage,0.005,0.91,19.0,51.7,446.0,41.5,0
237,2024-03-12 00:00:00,SENSOR-017,Lobby - Entrance,0.422,2.009,21.3,45.8,509.0,36.9,1
238,2024-03-12 00:00:00,SENSOR-018,Lobby - Reception,0.501,0.906,21.5,59.7,472.0,37.2,0
239,2024-03-12 00:00:00,SENSOR-019,Carpark - B1,-0.92,1.986,18.8,57.4,584.0,30.9,1
240,2024-03-12 00:00:00,SENSOR-020,Carpark - B2,-1.954,2.014,20.1,49.9,532.0,38.2,1
241,2024-03-13 00:00:00,SENSOR-001,Floor 1 - Zone A,1.017,1.038,21.1,64.0,475.0,38.4,1
242,2024-03-13 00:00:00,SENSOR-002,Floor 1 - Zone B,1.007,2.07,23.6,53.3,463.0,30.9,1
243,2024-03-13 00:00:00,SENSOR-003,Floor 1 - Zone C,1.115,2.961,22.2,49.5,399.0,35.7,0
244,2024-03-13 00:00:00,SENSOR-004,Floor 2 - Zone A,2.079,1.038,22.2,66.7,383.0,44.5,0
245,2024-03-13 00:00:00,SENSOR-005,Floor 2 - Zone B,2.018,2.06,20.2,40.4,464.0,34.5,0
246,2024-03-13 00:00:00,SENSOR-006,Floor 2 - Zone C,1.919,3.044,23.2,46.4,369.0,34.2,1
247,2024-03-13 00:00:00,SENSOR-007,Floor 3 - Zone A,3.047,1.019,21.6,62.8,461.0,47.6,1
248,2024-03-13 00:00:00,SENSOR-008,Floor 3 - Zone B,2.964,2.02,,48.6,348.0,34.5,0
249,2024-03-13 00:00:00,SENSOR-009,Floor 3 - Zone C,3.056,2.99,23.4,48.7,535.0,28.2,1
250,2024-03-13 00:00:00,SENSOR-010,Floor 4 - Zone A,4.043,1.046,23.7,53.9,498.0,20.9,0
251,2024-03-13 00:00:00,SENSOR-011,Floor 4 - Zone B,4.079,1.97,20.5,53.7,477.0,36.7,1
252,2024-03-13 00:00:00,SENSOR-012,Floor 4 - Zone C,3.911,3.093,20.2,58.6,381.0,52.6,1
253,2024-03-13 00:00:00,SENSOR-013,Rooftop - North,4.936,1.459,24.9,49.7,444.0,52.7,1
254,2024-03-13 00:00:00,SENSOR-014,Rooftop - South,5.009,2.511,25.1,42.8,380.0,48.2,0
255,2024-03-13 00:00:00,SENSOR-015,Basement - Main,-0.082,2.056,21.3,55.7,509.0,46.3,0
256,2024-03-13 00:00:00,SENSOR-016,Basement - Storage,-0.019,0.947,18.9,57.7,590.0,47.4,1
257,2024-03-13 00:00:00,SENSOR-017,Lobby - Entrance,0.37,1.923,22.3,58.1,491.0,16.8,0
258,2024-03-13 00:00:00,SENSOR-018,Lobby - Reception,0.517,0.91,22.6,55.8,534.0,37.9,1
259,2024-03-13 00:00:00,SENSOR-019,Carpark - B1,-1.019,2.029,21.4,60.8,389.0,12.7,0
260,2024-03-13 00:00:00,SENSOR-020,Carpark - B2,-1.885,2.02,22.0,48.1,481.0,41.5,1
261,2024-03-14 00:00:00,SENSOR-001,Floor 1 - Zone A,0.947,1.085,,70.2,445.0,46.0,1
262,2024-03-14 00:00:00,SENSOR-002,Floor 1 - Zone B,1.146,2.04,21.9,47.3,215.0,53.6,1
263,2024-03-14 00:00:00,SENSOR-003,Floor 1 - Zone C,0.954,3.153,23.2,59.9,395.0,43.3,1
264,2024-03-14 00:00:00,SENSOR-004,Floor 2 - Zone A,1.98,1.059,,51.3,625.0,17.5,0
265,2024-03-14 00:00:00,SENSOR-005,Floor 2 - Zone B,1.89,2.077,20.7,37.5,411.0,20.9,0
266,2024-03-14 00:00:00,SENSOR-006,Floor 2 - Zone C,2.035,3.004,23.7,53.8,324.0,50.7,0
267,2024-03-14 00:00:00,SENSOR-007,Floor 3 - Zone A,2.911,1.107,24.4,48.3,422.0,47.6,1
268,2024-03-14 00:00:00,SENSOR-008,Floor 3 - Zone B,2.971,2.068,21.3,50.2,394.0,44.1,0
269,2024-03-14 00:00:00,SENSOR-009,Floor 3 - Zone C,3.005,3.021,23.4,62.0,420.0,47.4,1
270,2024-03-14 00:00:00,SENSOR-010,Floor 4 - Zone A,3.975,1.015,22.8,57.2,481.0,49.7,0
271,2024-03-14 00:00:00,SENSOR-011,Floor 4 - Zone B,4.062,1.901,20.2,54.0,482.0,44.5,1
272,2024-03-14 00:00:00,SENSOR-012,Floor 4 - Zone C,3.933,2.944,24.5,37.1,362.0,40.0,1
273,2024-03-14 00:00:00,SENSOR-013,Rooftop - North,5.036,1.551,25.8,49.6,511.0,61.7,1
274,2024-03-14 00:00:00,SENSOR-014,Rooftop - South,5.081,2.554,26.7,59.9,520.0,32.3,1
275,2024-03-14 00:00:00,SENSOR-015,Basement - Main,-0.069,1.852,20.3,56.2,476.0,31.7,1
276,2024-03-14 00:00:00,SENSOR-016,Basement - Storage,-0.086,0.933,,65.1,539.0,35.3,1
277,2024-03-14 00:00:00,SENSOR-017,Lobby - Entrance,0.449,2.04,22.2,46.9,493.0,38.8,1
278,2024-03-14 00:00:00,SENSOR-018,Lobby - Reception,0.542,0.99,21.1,57.0,298.0,38.6,1
279,2024-03-14 00:00:00,SENSOR-019,Carpark - B1,-1.052,1.94,21.9,39.3,523.0,34.4,1
280,2024-03-14 00:00:00,SENSOR-020,Carpark - B2,-2.0,2.106,19.5,45.8,439.0,21.8,0
281,2024-03-15 00:00:00,SENSOR-001,Floor 1 - Zone A,1.086,1.001,22.2,62.7,336.0,40.9,0
282,2024-03-15 00:00:00,SENSOR-002,Floor 1 - Zone B,1.072,2.051,19.9,44.1,428.0,30.2,1
283,2024-03-15 00:00:00,SENSOR-003,Floor 1 - Zone C,0.905,2.981,22.7,57.3,404.0,47.1,1
284,2024-03-15 00:00:00,SENSOR-004,Floor 2 - Zone A,1.999,1.045,22.3,55.8,421.0,61.4,0
285,2024-03-15 00:00:00,SENSOR-005,Floor 2 - Zone B,2.052,1.961,21.7,49.9,430.0,42.7,1
286,2024-03-15 00:00:00,SENSOR-006,Floor 2 - Zone C,2.064,3.046,,52.7,397.0,48.2,1
287,2024-03-15 00:00:00,SENSOR-007,Floor 3 - Zone A,2.908,1.017,21.6,60.7,415.0,41.8,0
288,2024-03-15 00:00:00,SENSOR-008,Floor 3 - Zone B,2.968,2.053,21.0,53.1,412.0,40.8,1
289,2024-03-15 00:00:00,SENSOR-009,Floor 3 - Zone C,2.97,2.979,22.4,61.6,532.0,30.1,1
290,2024-03-15 00:00:00,SENSOR-010,Floor 4 - Zone A,4.055,0.96,20.2,69.1,437.0,44.3,1
291,2024-03-15 00:00:00,SENSOR-011,Floor 4 - Zone B,4.054,1.979,20.5,64.3,507.0,33.1,0
292,2024-03-15 00:00:00,SENSOR-012,Floor 4 - Zone C,4.014,2.958,20.1,56.1,491.0,37.9,1
293,2024-03-15 00:00:00,SENSOR-013,Rooftop - North,4.952,1.441,,49.2,470.0,52.7,1
294,2024-03-15 00:00:00,SENSOR-014,Rooftop - South,5.053,2.515,23.9,56.0,460.0,44.0,1
295,2024-03-15 00:00:00,SENSOR-015,Basement - Main,-0.036,1.927,19.8,48.0,340.0,23.8,1
296,2024-03-15 00:00:00,SENSOR-016,Basement - Storage,-0.06,1.006,21.1,52.4,582.0,49.7,1
297,2024-03-15 00:00:00,SENSOR-017,Lobby - Entrance,0.468,1.997,20.2,60.3,495.0,41.0,0
298,2024-03-15 00:00:00,SENSOR-018,Lobby - Reception,0.53,0.975,24.0,56.5,331.0,42.2,0
299,2024-03-15 00:00:00,SENSOR-019,Carpark - B1,-1.006,1.974,19.7,52.4,477.0,12.6,1
300,2024-03-15 00:00:00,SENSOR-020,Carpark - B2,-2.046,1.999,20.9,46.5,413.0,45.1,1
301,2024-03-16 00:00:00,SENSOR-001,Floor 1 - Zone A,0.989,0.897,23.3,55.8,378.0,57.3,0
302,2024-03-16 00:00:00,SENSOR-002,Floor 1 - Zone B,0.908,2.029,23.4,56.8,559.0,61.3,1
303,2024-03-16 00:00:00,SENSOR-003,Floor 1 - Zone C,1.014,2.998,21.6,61.5,449.0,63.3,1
304,2024-03-16 00:00:00,SENSOR-004,Floor 2 - Zone A,2.056,0.886,20.5,55.1,267.0,52.9,0
305,2024-03-16 00:00:00,SENSOR-005,Floor 2 - Zone B,2.057,1.976,22.9,67.8,343.0,48.4,1
306,2024-03-16 00:00:00,SENSOR-006,Floor 2 - Zone C,1.916,2.962,19.5,55.9,478.0,53.5,1
307,2024-03-16 00:00:00,SENSOR-007,Floor 3 - Zone A,2.997,0.957,23.9,59.9,446.0,16.8,0
308,2024-03-16 00:00:00,SENSOR-008,Floor 3 - Zone B,3.05,2.034,21.6,56.3,488.0,34.2,0
309,2024-03-16 00:00:00,SENSOR-009,Floor 3 - Zone C,2.988,3.015,22.1,56.0,437.0,46.9,0
310,2024-03-16 00:00:00,SENSOR-010,Floor 4 - Zone A,3.977,0.959,,45.2,334.0,57.6,0
311,2024-03-16 00:00:00,SENSOR-011,Floor 4 - Zone B,4.008,1.969,25.1,61.4,453.0,43.6,0
312,2024-03-16 00:00:00,SENSOR-012,Floor 4 - Zone C,3.941,2.978,21.5,50.9,479.0,35.2,1
313,2024-03-16 00:00:00,SENSOR-013,Rooftop - North,5.042,1.452,23.8,57.6,518.0,14.0,1
314,2024-03-16 00:00:00,SENSOR-014,Rooftop - South,5.05,2.474,23.0,66.8,586.0,30.1,1
315,2024-03-16 00:00:00,SENSOR-015,Basement - Main,-0.053,1.984,19.4,50.9,708.0,54.7,0
316,2024-03-16 00:00:00,SENSOR-016,Basement - Storage,0.027,1.039,20.1,63.3,401.0,50.4,1
317,2024-03-16 00:00:00,SENSOR-017,Lobby - Entrance,0.465,1.924,23.6,47.5,504.0,44.1,0
318,2024-03-16 00:00:00,SENSOR-018,Lobby - Reception,0.487,0.97,21.9,53.2,415.0,40.7,1
319,2024-03-16 00:00:00,SENSOR-019,Carpark - B1,-1.05,2.0,19.2,50.9,405.0,54.3,1
320,2024-03-16 00:00:00,SENSOR-020,Carpark - B2,-2.003,1.953,18.7,54.9,479.0,33.3,0
321,2024-03-17 00:00:00,SENSOR-001,Floor 1 - Zone A,1.023,1.026,19.3,67.9,475.0,32.7,1
322,2024-03-17 00:00:00,SENSOR-002,Floor 1 - Zone B,0.994,1.993,21.7,47.9,595.0,34.5,1
323,2024-03-17 00:00:00,SENSOR-003,Floor 1 - Zone C,1.003,3.007,20.8,55.9,545.0,50.2,1
324,2024-03-17 00:00:00,SENSOR-004,Floor 2 - Zone A,1.964,1.027,23.8,50.5,537.0,40.6,1
325,2024-03-17 00:00:00,SENSOR-005,Floor 2 - Zone B,1.972,2.086,23.1,46.6,355.0,35.4,0
326,2024-03-17 00:00:00,SENSOR-006,Floor 2 - Zone C,2.009,2.953,22.5,52.2,479.0,34.4,0
327,2024-03-17 00:00:00,SENSOR-007,Floor 3 - Zone A,3.071,0.968,22.7,61.5,473.0,34.0,1
328,2024-03-17 00:00:00,SENSOR-008,Floor 3 - Zone B,3.029,2.011,22.9,54.8,395.0,36.4,0
329,2024-03-17 00:00:00,SENSOR-009,Floor 3 - Zone C,2.883,2.978,21.2,59.0,465.0,41.2,0
330,2024-03-17 00:00:00,SENSOR-010,Floor 4 - Zone A,3.991,0.974,22.1,56.9,543.0,34.9,1
331,2024-03-17 00:00:00,SENSOR-011,Floor 4 - Zone B,3.981,1.996,21.8,61.6,437.0,39.9,1
332,2024-03-17 00:00:00,SENSOR-012,Floor 4 - Zone C,4.06,2.952,21.8,57.1,445.0,43.7,1
333,2024-03-17 00:00:00,SENSOR-013,Rooftop - North,5.024,1.54,26.7,48.7,394.0,32.2,1
334,2024-03-17 00:00:00,SENSOR-014,Rooftop - South,4.974,2.476,24.7,63.3,368.0,47.0,1
335,2024-03-17 00:00:00,SENSOR-015,Basement - Main,0.057,2.063,19.1,62.3,484.0,41.6,1
336,2024-03-17 00:00:00,SENSOR-016,Basement - Storage,-0.005,0.928,20.6,44.8,478.0,37.6,1
337,2024-03-17 00:00:00,SENSOR-017,Lobby - Entrance,0.491,1.994,22.7,61.3,422.0,35.3,1
338,2024-03-17 00:00:00,SENSOR-018,Lobby - Reception,0.521,0.958,22.6,57.4,368.0,43.2,1
339,2024-03-17 00:00:00,SENSOR-019,Carpark - B1,-0.992,1.918,19.6,62.8,441.0,19.4,1
340,2024-03-17 00:00:00,SENSOR-020,Carpark - B2,-1.941,1.989,18.4,49.1,534.0,54.7,1
341,2024-03-18 00:00:00,SENSOR-001,Floor 1 - Zone A,1.079,0.983,22.2,58.9,541.0,62.8,1
342,2024-03-18 00:00:00,SENSOR-002,Floor 1 - Zone B,0.941,1.961,23.1,45.3,487.0,37.3,1
343,2024-03-18 00:00:00,SENSOR-003,Floor 1 - Zone C,1.024,2.995,23.4,58.2,406.0,53.8,1
344,2024-03-18 00:00:00,SENSOR-004,Floor 2 - Zone A,1.984,0.991,22.0,53.3,440.0,40.1,1
345,2024-03-18 00:00:00,SENSOR-005,Floor 2 - Zone B,2.012,2.006,21.4,53.4,311.0,39.6,1
346,2024-03-18 00:00:00,SENSOR-006,Floor 2 - Zone C,2.041,3.068,22.8,47.0,365.0,30.0,1
347,2024-03-18 00:00:00,SENSOR-007,Floor 3 - Zone A,3.003,0.934,21.8,48.9,474.0,50.4,1
348,2024-03-18 00:00:00,SENSOR-008,Floor 3 - Zone B,3.102,2.035,22.2,59.7,,38.8,1
349,2024-03-18 00:00:00,SENSOR-009,Floor 3 - Zone C,2.931,3.005,22.5,58.8,471.0,50.0,1
350,2024-03-18 00:00:00,SENSOR-010,Floor 4 - Zone A,3.909,0.998,20.2,57.0,455.0,41.0,0
351,2024-03-18 00:00:00,SENSOR-011,Floor 4 - Zone B,4.075,1.98,22.7,49.8,405.0,44.5,1
352,2024-03-18 00:00:00,SENSOR-012,Floor 4 - Zone C,3.971,2.994,21.6,49.4,464.0,29.6,0
353,2024-03-18 00:00:00,SENSOR-013,Rooftop - North,5.103,1.458,25.6,61.9,397.0,45.0,1
354,2024-03-18 00:00:00,SENSOR-014,Rooftop - South,5.031,2.575,22.2,43.8,496.0,45.8,1
355,2024-03-18 00:00:00,SENSOR-015,Basement - Main,0.061,2.037,21.2,67.3,434.0,45.7,1
356,2024-03-18 00:00:00,SENSOR-016,Basement - Storage,0.027,0.961,21.4,47.2,308.0,34.0,1
357,2024-03-18 00:00:00,SENSOR-017,Lobby - Entrance,0.5,2.045,21.1,54.4,507.0,43.9,0
358,2024-03-18 00:00:00,SENSOR-018,Lobby - Reception,0.483,1.056,21.0,45.9,487.0,27.6,1
359,2024-03-18 00:00:00,SENSOR-019,Carpark - B1,-0.99,1.924,18.9,57.0,389.0,55.6,1
360,2024-03-18 00:00:00,SENSOR-020,Carpark - B2,-2.039,2.065,20.4,52.9,412.0,48.5,1
361,2024-03-19 00:00:00,SENSOR-001,Floor 1 - Zone A,1.046,1.036,20.6,55.9,414.0,41.4,0
362,2024-03-19 00:00:00,SENSOR-002,Floor 1 - Zone B,1.005,1.935,23.7,61.0,535.0,21.8,1
363,2024-03-19 00:00:00,SENSOR-003,Floor 1 - Zone C,0.953,3.074,22.1,62.8,470.0,39.4,1
364,2024-03-19 00:00:00,SENSOR-004,Floor 2 - Zone A,1.98,1.02,20.8,58.0,631.0,48.0,0
365,2024-03-19 00:00:00,SENSOR-005,Floor 2 - Zone B,1.922,2.101,23.5,65.2,385.0,28.6,0
366,2024-03-19 00:00:00,SENSOR-006,Floor 2 - Zone C,1.985,2.97,21.1,57.1,494.0,50.0,0
367,2024-03-19 00:00:00,SENSOR-007,Floor 3 - Zone A,2.991,0.922,20.6,68.1,425.0,47.1,1
368,2024-03-19 00:00:00,SENSOR-008,Floor 3 - Zone B,2.998,1.937,22.2,68.9,,36.7,1
369,2024-03-19 00:00:00,SENSOR-009,Floor 3 - Zone C,3.001,3.053,21.4,50.3,489.0,45.3,1
370,2024-03-19 00:00:00,SENSOR-010,Floor 4 - Zone A,4.096,1.029,24.2,42.3,390.0,33.1,1
371,2024-03-19 00:00:00,SENSOR-011,Floor 4 - Zone B,3.999,1.975,22.9,69.6,420.0,39.9,0
372,2024-03-19 00:00:00,SENSOR-012,Floor 4 - Zone C,3.988,3.045,23.5,44.5,437.0,27.5,1
373,2024-03-19 00:00:00,SENSOR-013,Rooftop - North,4.946,1.504,23.0,59.6,584.0,47.9,1
374,2024-03-19 00:00:00,SENSOR-014,Rooftop - South,5.076,2.436,25.2,62.8,411.0,40.9,1
375,2024-03-19 00:00:00,SENSOR-015,Basement - Main,-0.043,2.129,20.2,38.7,434.0,32.2,1
376,2024-03-19 00:00:00,SENSOR-016,Basement - Storage,0.034,1.019,18.6,52.1,369.0,40.4,1
377,2024-03-19 00:00:00,SENSOR-017,Lobby - Entrance,0.564,1.995,22.1,44.6,443.0,49.4,1
378,2024-03-19 00:00:00,SENSOR-018,Lobby - Reception,0.399,1.014,22.3,58.5,398.0,33.4,0
379,2024-03-19 00:00:00,SENSOR-019,Carpark - B1,-0.951,2.12,21.2,61.0,385.0,40.5,0
380,2024-03-19 00:00:00,SENSOR-020,Carpark - B2,-1.927,2.062,17.2,54.3,438.0,61.9,1
381,2024-03-20 00:00:00,SENSOR-001,Floor 1 - Zone A,0.922,1.02,22.7,60.1,564.0,41.6,0
382,2024-03-20 00:00:00,SENSOR-002,Floor 1 - Zone B,1.031,1.972,22.6,65.1,540.0,49.7,1
383,2024-03-20 00:00:00,SENSOR-003,Floor 1 - Zone C,1.039,3.055,22.0,52.9,450.0,37.4,0
384,2024-03-20 00:00:00,SENSOR-004,Floor 2 - Zone A,1.984,1.018,19.9,64.8,443.0,36.4,1
385,2024-03-20 00:00:00,SENSOR-005,Floor 2 - Zone B,2.044,2.013,,56.5,398.0,21.9,0
386,2024-03-20 00:00:00,SENSOR-006,Floor 2 - Zone C,2.009,3.023,24.4,51.8,477.0,58.5,1
387,2024-03-20 00:00:00,SENSOR-007,Floor 3 - Zone A,3.03,0.991,21.0,54.0,469.0,57.9,1
388,2024-03-20 00:00:00,SENSOR-008,Floor 3 - Zone B,3.02,2.045,24.5,58.0,422.0,40.0,1
389,2024-03-20 00:00:00,SENSOR-009,Floor 3 - Zone C,2.921,3.006,22.8,51.0,520.0,20.1,1
390,2024-03-20 00:00:00,SENSOR-010,Floor 4 - Zone A,3.964,1.044,21.9,64.1,536.0,53.4,1
391,2024-03-20 00:00:00,SENSOR-011,Floor 4 - Zone B,3.985,2.016,21.2,64.7,447.0,51.8,1
392,2024-03-20 00:00:00,SENSOR-012,Floor 4 - Zone C,3.931,2.951,23.3,47.1,370.0,59.4,1
393,2024-03-20 00:00:00,SENSOR-013,Rooftop - North,5.027,1.53,24.8,50.6,537.0,67.1,1
394,2024-03-20 00:00:00,SENSOR-014,Rooftop - South,4.873,2.5,26.0,57.8,475.0,45.5,1
395,2024-03-20 00:00:00,SENSOR-015,Basement - Main,-0.06,2.073,,60.7,508.0,52.2,0
396,2024-03-20 00:00:00,SENSOR-016,Basement - Storage,0.03,0.966,18.8,54.3,495.0,22.4,1
397,2024-03-20 00:00:00,SENSOR-017,Lobby - Entrance,0.508,2.062,21.7,52.9,,38.7,0
398,2024-03-20 00:00:00,SENSOR-018,Lobby - Reception,0.43,0.945,23.8,40.9,441.0,41.3,1
399,2024-03-20 00:00:00,SENSOR-019,Carpark - B1,-0.977,1.949,19.5,44.6,510.0,28.0,0
400,2024-03-20 00:00:00,SENSOR-020,Carpark - B2,-2.125,1.988,18.9,38.1,495.0,57.0,1
401,2024-03-21 00:00:00,SENSOR-001,Floor 1 - Zone A,1.002,1.018,20.4,64.4,564.0,33.7,1
402,2024-03-21 00:00:00,SENSOR-002,Floor 1 - Zone B,1.005,1.87,20.0,51.9,301.0,33.3,0
403,2024-03-21 00:00:00,SENSOR-003,Floor 1 - Zone C,1.044,2.98,22.1,42.3,440.0,34.1,1
404,2024-03-21 00:00:00,SENSOR-004,Floor 2 - Zone A,2.035,1.045,24.7,64.5,461.0,33.1,1
405,2024-03-21 00:00:00,SENSOR-005,Floor 2 - Zone B,1.999,2.044,23.2,55.2,546.0,53.5,1
406,2024-03-21 00:00:00,SENSOR-006,Floor 2 - Zone C,2.018,3.036,22.8,62.9,397.0,41.5,1
407,2024-03-21 00:00:00,SENSOR-007,Floor 3 - Zone A,3.03,0.993,23.6,53.9,429.0,20.9,0
408,2024-03-21 00:00:00,SENSOR-008,Floor 3 - Zone B,2.931,2.065,20.5,58.8,527.0,53.9,0
409,2024-03-21 00:00:00,SENSOR-009,Floor 3 - Zone C,3.126,3.047,20.2,66.0,367.0,32.7,1
410,2024-03-21 00:00:00,SENSOR-010,Floor 4 - Zone A,4.031,1.028,22.4,58.1,442.0,27.7,1
411,2024-03-21 00:00:00,SENSOR-011,Floor 4 - Zone B,3.943,2.057,22.5,48.0,415.0,58.0,1
412,2024-03-21 00:00:00,SENSOR-012,Floor 4 - Zone C,3.997,2.98,19.5,64.9,463.0,50.8,1
413,2024-03-21 00:00:00,SENSOR-013,Rooftop - North,4.992,1.437,24.0,42.0,476.0,32.9,1
414,2024-03-21 00:00:00,SENSOR-014,Rooftop - South,4.921,2.456,23.2,45.0,410.0,36.7,1
415,2024-03-21 00:00:00,SENSOR-015,Basement - Main,0.035,1.953,19.5,69.0,495.0,51.8,0
416,2024-03-21 00:00:00,SENSOR-016,Basement - Storage,-0.073,1.014,18.2,48.3,432.0,54.3,0
417,2024-03-21 00:00:00,SENSOR-017,Lobby - Entrance,0.552,1.996,20.1,49.9,599.0,34.8,1
418,2024-03-21 00:00:00,SENSOR-018,Lobby - Reception,0.554,0.916,22.5,45.0,329.0,50.4,1
419,2024-03-21 00:00:00,SENSOR-019,Carpark - B1,-1.045,1.982,19.5,44.2,500.0,41.3,0
420,2024-03-21 00:00:00,SENSOR-020,Carpark - B2,-2.049,1.943,19.7,42.9,675.0,51.8,1
421,2024-03-22 00:00:00,SENSOR-001,Floor 1 - Zone A,1.021,1.039,22.7,50.4,549.0,36.2,1
422,2024-03-22 00:00:00,SENSOR-002,Floor 1 - Zone B,0.987,2.036,23.1,65.4,,36.2,0
423,2024-03-22 00:00:00,SENSOR-003,Floor 1 - Zone C,0.991,3.035,22.3,52.8,508.0,44.0,1
424,2024-03-22 00:00:00,SENSOR-004,Floor 2 - Zone A,2.045,1.028,21.5,59.0,433.0,42.2,1
425,2024-03-22 00:00:00,SENSOR-005,Floor 2 - Zone B,2.007,1.959,21.1,60.0,,44.8,1
426,2024-03-22 00:00:00,SENSOR-006,Floor 2 - Zone C,1.976,2.936,20.7,64.5,550.0,46.5,1
427,2024-03-22 00:00:00,SENSOR-007,Floor 3 - Zone A,3.103,0.965,20.4,47.6,451.0,30.4,0
428,2024-03-22 00:00:00,SENSOR-008,Floor 3 - Zone B,3.08,2.07,22.6,52.5,518.0,30.9,0
429,2024-03-22 00:00:00,SENSOR-009,Floor 3 - Zone C,2.981,2.975,20.3,42.6,,27.6,1
430,2024-03-22 00:00:00,SENSOR-010,Floor 4 - Zone A,4.018,0.95,,58.1,580.0,51.0,1
431,2024-03-22 00:00:00,SENSOR-011,Floor 4 - Zone B,4.037,2.078,22.1,47.3,461.0,52.3,1
432,2024-03-22 00:00:00,SENSOR-012,Floor 4 - Zone C,3.964,2.972,20.6,41.7,442.0,38.3,0
433,2024-03-22 00:00:00,SENSOR-013,Rooftop - North,5.007,1.502,23.5,51.9,363.0,29.9,1
434,2024-03-22 00:00:00,SENSOR-014,Rooftop - South,5.096,2.484,23.1,59.5,303.0,42.8,1
435,2024-03-22 00:00:00,SENSOR-015,Basement - Main,0.012,2.053,19.4,44.4,389.0,42.8,1
436,2024-03-22 00:00:00,SENSOR-016,Basement - Storage,0.052,0.975,18.1,51.1,316.0,31.0,1
437,2024-03-22 00:00:00,SENSOR-017,Lobby - Entrance,0.467,1.942,24.0,53.9,578.0,51.7,0
438,2024-03-22 00:00:00,SENSOR-018,Lobby - Reception,0.554,1.02,24.8,47.6,221.0,47.9,1
439,2024-03-22 00:00:00,SENSOR-019,Carpark - B1,-0.957,2.018,20.6,68.1,349.0,47.3,0
440,2024-03-22 00:00:00,SENSOR-020,Carpark - B2,-2.057,2.016,21.8,54.6,,55.1,1
441,2024-03-23 00:00:00,SENSOR-001,Floor 1 - Zone A,1.058,1.056,23.0,50.0,532.0,46.2,0
442,2024-03-23 00:00:00,SENSOR-002,Floor 1 - Zone B,0.948,2.06,22.3,62.0,486.0,32.2,1
443,2024-03-23 00:00:00,SENSOR-003,Floor 1 - Zone C,1.023,2.957,20.9,49.8,546.0,37.7,0
444,2024-03-23 00:00:00,SENSOR-004,Floor 2 - Zone A,2.011,0.888,22.3,53.7,423.0,30.8,0
445,2024-03-23 00:00:00,SENSOR-005,Floor 2 - Zone B,2.112,2.006,20.9,52.9,410.0,49.5,1
446,2024-03-23 00:00:00,SENSOR-006,Floor 2 - Zone C,2.02,2.957,24.5,38.5,382.0,47.3,1
447,2024-03-23 00:00:00,SENSOR-007,Floor 3 - Zone A,3.027,1.056,22.4,53.0,496.0,44.9,1
448,2024-03-23 00:00:00,SENSOR-008,Floor 3 - Zone B,2.926,1.889,20.5,63.1,280.0,35.9,0
449,2024-03-23 00:00:00,SENSOR-009,Floor 3 - Zone C,2.936,2.899,20.5,58.0,404.0,46.4,1
450,2024-03-23 00:00:00,SENSOR-010,Floor 4 - Zone A,3.923,1.051,23.7,55.4,389.0,42.5,1
451,2024-03-23 00:00:00,SENSOR-011,Floor 4 - Zone B,4.028,2.0,21.6,61.0,408.0,43.8,0
452,2024-03-23 00:00:00,SENSOR-012,Floor 4 - Zone C,3.924,2.977,20.9,69.7,339.0,36.9,1
453,2024-03-23 00:00:00,SENSOR-013,Rooftop - North,4.982,1.535,24.0,55.5,356.0,28.4,0
454,2024-03-23 00:00:00,SENSOR-014,Rooftop - South,4.958,2.449,24.7,67.9,320.0,35.1,1
455,2024-03-23 00:00:00,SENSOR-015,Basement - Main,-0.016,2.004,17.4,53.2,463.0,38.2,0
456,2024-03-23 00:00:00,SENSOR-016,Basement - Storage,0.008,0.91,,61.0,529.0,40.8,0
457,2024-03-23 00:00:00,SENSOR-017,Lobby - Entrance,0.486,1.992,22.6,48.6,542.0,44.9,1
458,2024-03-23 00:00:00,SENSOR-018,Lobby - Reception,0.438,0.987,21.9,65.9,441.0,37.7,0
459,2024-03-23 00:00:00,SENSOR-019,Carpark - B1,-0.926,2.027,20.3,50.9,547.0,68.5,1
460,2024-03-23 00:00:00,SENSOR-020,Carpark - B2,-1.939,2.027,21.2,47.9,487.0,50.2,1
461,2024-03-24 00:00:00,SENSOR-001,Floor 1 - Zone A,0.987,1.009,21.8,43.3,294.0,41.5,1
462,2024-03-24 00:00:00,SENSOR-002,Floor 1 - Zone B,1.043,1.946,23.3,44.3,407.0,31.1,0
463,2024-03-24 00:00:00,SENSOR-003,Floor 1 - Zone C,1.013,2.889,22.5,39.8,301.0,64.4,1
464,2024-03-24 00:00:00,SENSOR-004,Floor 2 - Zone A,1.997,1.087,22.2,51.7,419.0,23.7,0
465,2024-03-24 00:00:00,SENSOR-005,Floor 2 - Zone B,2.004,2.033,22.9,55.5,526.0,29.6,1
466,2024-03-24 00:00:00,SENSOR-006,Floor 2 - Zone C,1.908,2.979,23.4,57.4,441.0,35.6,1
467,2024-03-24 00:00:00,SENSOR-007,Floor 3 - Zone A,3.003,1.018,22.3,51.5,621.0,45.9,1
468,2024-03-24 00:00:00,SENSOR-008,Floor 3 - Zone B,3.104,2.032,21.8,42.3,472.0,34.7,1
469,2024-03-24 00:00:00,SENSOR-009,Floor 3 - Zone C,3.0,3.03,22.6,59.7,446.0,38.7,1
470,2024-03-24 00:00:00,SENSOR-010,Floor 4 - Zone A,4.04,0.944,22.7,58.2,337.0,36.8,1
471,2024-03-24 00:00:00,SENSOR-011,Floor 4 - Zone B,4.062,1.99,20.1,53.0,388.0,56.6,1
472,2024-03-24 00:00:00,SENSOR-012,Floor 4 - Zone C,4.055,2.983,23.0,54.5,372.0,24.3,0
473,2024-03-24 00:00:00,SENSOR-013,Rooftop - North,5.111,1.49,24.4,56.4,402.0,59.0,1
474,2024-03-24 00:00:00,SENSOR-014,Rooftop - South,5.025,2.402,24.9,68.6,322.0,31.0,1
475,2024-03-24 00:00:00,SENSOR-015,Basement - Main,0.071,2.049,19.6,63.7,511.0,45.8,1
476,2024-03-24 00:00:00,SENSOR-016,Basement - Storage,0.071,1.058,,53.8,486.0,32.1,1
477,2024-03-24 00:00:00,SENSOR-017,Lobby - Entrance,0.436,2.005,23.0,52.8,519.0,44.4,0
478,2024-03-24 00:00:00,SENSOR-018,Lobby - Reception,0.541,1.049,22.3,36.4,353.0,49.1,1
479,2024-03-24 00:00:00,SENSOR-019,Carpark - B1,-0.946,2.065,21.0,42.6,465.0,45.4,1
480,2024-03-24 00:00:00,SENSOR-020,Carpark - B2,-2.045,2.047,21.5,56.1,345.0,61.1,0
481,2024-03-25 00:00:00,SENSOR-001,Floor 1 - Zone A,0.996,0.985,18.7,43.0,257.0,39.3,1
482,2024-03-25 00:00:00,SENSOR-002,Floor 1 - Zone B,1.007,2.013,21.2,57.4,457.0,28.6,1
483,2024-03-25 00:00:00,SENSOR-003,Floor 1 - Zone C,0.951,3.028,22.6,61.3,394.0,59.1,1
484,2024-03-25 00:00:00,SENSOR-004,Floor 2 - Zone A,2.096,0.978,22.6,60.8,444.0,28.8,1
485,2024-03-25 00:00:00,SENSOR-005,Floor 2 - Zone B,1.995,1.936,21.5,41.1,379.0,41.3,1
486,2024-03-25 00:00:00,SENSOR-006,Floor 2 - Zone C,1.999,2.938,22.6,54.9,455.0,48.2,0
487,2024-03-25 00:00:00,SENSOR-007,Floor 3 - Zone A,3.035,1.054,23.0,60.4,506.0,46.6,1
488,2024-03-25 00:00:00,SENSOR-008,Floor 3 - Zone B,2.934,2.008,25.7,78.4,441.0,46.4,1
489,2024-03-25 00:00:00,SENSOR-009,Floor 3 - Zone C,3.058,2.92,20.9,47.3,395.0,42.2,0
490,2024-03-25 00:00:00,SENSOR-010,Floor 4 - Zone A,3.986,1.107,21.9,56.6,278.0,32.0,0
491,2024-03-25 00:00:00,SENSOR-011,Floor 4 - Zone B,3.975,1.926,23.4,46.4,533.0,49.0,0
492,2024-03-25 00:00:00,SENSOR-012,Floor 4 - Zone C,4.004,2.957,22.7,83.7,356.0,56.3,1
493,2024-03-25 00:00:00,SENSOR-013,Rooftop - North,4.826,1.481,25.3,47.4,506.0,44.7,1
494,2024-03-25 00:00:00,SENSOR-014,Rooftop - South,4.958,2.444,23.9,56.7,529.0,37.8,1
495,2024-03-25 00:00:00,SENSOR-015,Basement - Main,-0.022,1.979,20.6,48.1,398.0,45.7,0
496,2024-03-25 00:00:00,SENSOR-016,Basement - Storage,0.024,0.963,21.7,58.2,390.0,49.6,1
497,2024-03-25 00:00:00,SENSOR-017,Lobby - Entrance,0.435,2.002,23.7,55.3,406.0,26.3,1
498,2024-03-25 00:00:00,SENSOR-018,Lobby - Reception,0.495,0.988,21.0,58.8,340.0,33.3,1
499,2024-03-25 00:00:00,SENSOR-019,Carpark - B1,-1.068,1.962,20.0,58.1,524.0,42.6,1
500,2024-03-25 00:00:00,SENSOR-020,Carpark - B2,-2.014,1.977,20.6,53.7,374.0,32.4,1
501,2024-03-26 00:00:00,SENSOR-001,Floor 1 - Zone A,0.989,0.891,22.6,56.5,535.0,120.0,1
502,2024-03-26 00:00:00,SENSOR-002,Floor 1 - Zone B,0.94,2.084,18.8,55.1,313.0,34.4,1
503,2024-03-26 00:00:00,SENSOR-003,Floor 1 - Zone C,0.967,3.035,,39.1,518.0,42.7,1
504,2024-03-26 00:00:00,SENSOR-004,Floor 2 - Zone A,2.049,0.973,,55.6,445.0,38.1,1
505,2024-03-26 00:00:00,SENSOR-005,Floor 2 - Zone B,2.104,1.956,20.6,50.7,473.0,43.4,0
506,2024-03-26 00:00:00,SENSOR-006,Floor 2 - Zone C,1.991,2.945,22.0,44.2,692.0,59.7,1
507,2024-03-26 00:00:00,SENSOR-007,Floor 3 - Zone A,2.928,1.0,20.2,42.4,439.0,23.8,1
508,2024-03-26 00:00:00,SENSOR-008,Floor 3 - Zone B,2.968,1.956,20.5,65.1,285.0,41.0,1
509,2024-03-26 00:00:00,SENSOR-009,Floor 3 - Zone C,3.02,3.016,23.5,66.9,454.0,28.0,1
510,2024-03-26 00:00:00,SENSOR-010,Floor 4 - Zone A,3.958,1.052,21.6,71.5,501.0,46.6,0
511,2024-03-26 00:00:00,SENSOR-011,Floor 4 - Zone B,4.014,2.102,21.9,63.5,478.0,49.7,0
512,2024-03-26 00:00:00,SENSOR-012,Floor 4 - Zone C,3.943,3.019,,55.6,484.0,41.7,1
513,2024-03-26 00:00:00,SENSOR-013,Rooftop - North,4.966,1.424,26.2,52.8,433.0,38.5,1
514,2024-03-26 00:00:00,SENSOR-014,Rooftop - South,5.07,2.549,24.2,56.8,292.0,33.2,1
515,2024-03-26 00:00:00,SENSOR-015,Basement - Main,0.045,2.021,17.1,56.0,578.0,68.8,1
516,2024-03-26 00:00:00,SENSOR-016,Basement - Storage,0.013,1.057,19.3,60.7,259.0,31.1,0
517,2024-03-26 00:00:00,SENSOR-017,Lobby - Entrance,0.521,1.968,20.1,54.8,307.0,36.6,1
518,2024-03-26 00:00:00,SENSOR-018,Lobby - Reception,0.557,0.984,22.3,52.9,481.0,42.4,1
519,2024-03-26 00:00:00,SENSOR-019,Carpark - B1,-1.032,1.94,20.3,68.6,461.0,24.7,1
520,2024-03-26 00:00:00,SENSOR-020,Carpark - B2,-1.994,2.034,19.9,56.8,541.0,29.4,0
521,2024-03-27 00:00:00,SENSOR-001,Floor 1 - Zone A,1.033,0.967,21.9,49.3,692.0,46.8,1
522,2024-03-27 00:00:00,SENSOR-002,Floor 1 - Zone B,0.988,1.913,22.2,61.4,344.0,42.6,1
523,2024-03-27 00:00:00,SENSOR-003,Floor 1 - Zone C,1.011,3.106,23.6,56.3,693.0,38.6,0
524,2024-03-27 00:00:00,SENSOR-004,Floor 2 - Zone A,2.059,1.034,22.9,54.5,377.0,43.9,0
525,2024-03-27 00:00:00,SENSOR-005,Floor 2 - Zone B,1.999,2.04,24.1,67.3,450.0,45.3,1
526,2024-03-27 00:00:00,SENSOR-006,Floor 2 - Zone C,2.006,2.919,23.2,60.8,437.0,47.9,1
527,2024-03-27 00:00:00,SENSOR-007,Floor 3 - Zone A,3.016,1.049,22.1,59.2,527.0,43.1,1
528,2024-03-27 00:00:00,SENSOR-008,Floor 3 - Zone B,2.959,2.005,23.3,69.4,,55.6,1
529,2024-03-27 00:00:00,SENSOR-009,Floor 3 - Zone C,2.998,3.001,22.2,50.7,514.0,43.9,1
530,2024-03-27 00:00:00,SENSOR-010,Floor 4 - Zone A,3.909,0.986,20.1,60.6,583.0,46.1,0
531,2024-03-27 00:00:00,SENSOR-011,Floor 4 - Zone B,3.971,1.982,22.1,57.6,377.0,54.6,0
532,2024-03-27 00:00:00,SENSOR-012,Floor 4 - Zone C,3.952,2.94,21.8,46.0,382.0,24.4,1
533,2024-03-27 00:00:00,SENSOR-013,Rooftop - North,5.04,1.454,25.0,51.2,416.0,40.8,0
534,2024-03-27 00:00:00,SENSOR-014,Rooftop - South,4.96,2.484,23.9,66.4,498.0,47.1,1
535,2024-03-27 00:00:00,SENSOR-015,Basement - Main,-0.074,1.92,17.9,60.9,517.0,41.4,1
536,2024-03-27 00:00:00,SENSOR-016,Basement - Storage,0.055,1.011,19.5,56.8,560.0,33.9,1
537,2024-03-27 00:00:00,SENSOR-017,Lobby - Entrance,0.529,2.012,21.1,57.6,490.0,50.7,1
538,2024-03-27 00:00:00,SENSOR-018,Lobby - Reception,0.531,0.948,20.0,42.8,512.0,56.6,1
539,2024-03-27 00:00:00,SENSOR-019,Carpark - B1,-0.937,1.924,20.7,41.0,415.0,41.0,1
540,2024-03-27 00:00:00,SENSOR-020,Carpark - B2,-2.016,1.921,19.2,49.4,599.0,48.5,1
541,2024-03-28 00:00:00,SENSOR-001,Floor 1 - Zone A,1.03,0.967,26.0,40.4,356.0,38.0,0
542,2024-03-28 00:00:00,SENSOR-002,Floor 1 - Zone B,1.021,1.991,23.2,35.5,373.0,33.8,1
543,2024-03-28 00:00:00,SENSOR-003,Floor 1 - Zone C,1.04,2.945,23.2,60.2,437.0,49.9,1
544,2024-03-28 00:00:00,SENSOR-004,Floor 2 - Zone A,1.998,0.89,22.1,56.1,369.0,49.3,1
545,2024-03-28 00:00:00,SENSOR-005,Floor 2 - Zone B,1.929,2.013,22.9,59.5,494.0,37.4,1
546,2024-03-28 00:00:00,SENSOR-006,Floor 2 - Zone C,2.065,2.998,22.2,56.0,441.0,53.5,1
547,2024-03-28 00:00:00,SENSOR-007,Floor 3 - Zone A,2.924,0.907,21.7,69.4,356.0,50.8,1
548,2024-03-28 00:00:00,SENSOR-008,Floor 3 - Zone B,2.938,2.019,22.7,56.5,370.0,53.3,1
549,2024-03-28 00:00:00,SENSOR-009,Floor 3 - Zone C,3.038,3.043,20.7,75.5,480.0,25.3,0
550,2024-03-28 00:00:00,SENSOR-010,Floor 4 - Zone A,3.968,1.011,20.7,62.8,495.0,44.8,1
551,2024-03-28 00:00:00,SENSOR-011,Floor 4 - Zone B,3.986,1.99,23.0,59.2,484.0,53.5,1
552,2024-03-28 00:00:00,SENSOR-012,Floor 4 - Zone C,4.002,2.939,22.5,57.7,422.0,53.8,1
553,2024-03-28 00:00:00,SENSOR-013,Rooftop - North,4.836,1.537,25.0,61.7,439.0,50.1,1
554,2024-03-28 00:00:00,SENSOR-014,Rooftop - South,4.913,2.485,25.6,59.6,297.0,38.6,1
555,2024-03-28 00:00:00,SENSOR-015,Basement - Main,0.004,1.98,19.7,48.4,465.0,45.5,1
556,2024-03-28 00:00:00,SENSOR-016,Basement - Storage,-0.052,1.008,20.5,57.8,464.0,49.7,1
557,2024-03-28 00:00:00,SENSOR-017,Lobby - Entrance,0.425,1.987,21.0,65.0,473.0,56.8,1
558,2024-03-28 00:00:00,SENSOR-018,Lobby - Reception,0.459,1.007,22.7,56.1,397.0,52.8,1
559,2024-03-28 00:00:00,SENSOR-019,Carpark - B1,-0.981,2.033,21.7,46.4,303.0,43.7,1
560,2024-03-28 00:00:00,SENSOR-020,Carpark - B2,-2.063,2.001,20.0,42.5,345.0,47.3,1
561,2024-03-29 00:00:00,SENSOR-001,Floor 1 - Zone A,1.022,0.942,22.0,51.4,519.0,33.0,0
562,2024-03-29 00:00:00,SENSOR-002,Floor 1 - Zone B,0.999,2.038,23.6,61.5,540.0,32.7,1
563,2024-03-29 00:00:00,SENSOR-003,Floor 1 - Zone C,1.016,3.009,21.2,50.3,313.0,23.8,0
564,2024-03-29 00:00:00,SENSOR-004,Floor 2 - Zone A,2.101,0.995,20.0,47.7,273.0,42.0,0
565,2024-03-29 00:00:00,SENSOR-005,Floor 2 - Zone B,1.965,1.958,21.0,59.4,419.0,35.7,1
566,2024-03-29 00:00:00,SENSOR-006,Floor 2 - Zone C,1.998,3.031,22.8,55.9,584.0,41.1,1
567,2024-03-29 00:00:00,SENSOR-007,Floor 3 - Zone A,2.946,1.084,21.8,57.3,452.0,35.6,1
568,2024-03-29 00:00:00,SENSOR-008,Floor 3 - Zone B,3.062,1.922,,68.6,453.0,35.7,1
569,2024-03-29 00:00:00,SENSOR-009,Floor 3 - Zone C,3.015,3.035,22.4,44.4,379.0,64.0,1
570,2024-03-29 00:00:00,SENSOR-010,Floor 4 - Zone A,4.035,1.003,22.4,52.5,539.0,51.3,1
571,2024-03-29 00:00:00,SENSOR-011,Floor 4 - Zone B,3.969,2.047,22.4,46.6,442.0,32.9,0
572,2024-03-29 00:00:00,SENSOR-012,Floor 4 - Zone C,3.951,2.918,23.5,62.8,450.0,57.1,1
573,2024-03-29 00:00:00,SENSOR-013,Rooftop - North,5.012,1.444,24.2,55.3,429.0,33.7,1
574,2024-03-29 00:00:00,SENSOR-014,Rooftop - South,5.032,2.591,27.9,55.3,505.0,44.6,0
575,2024-03-29 00:00:00,SENSOR-015,Basement - Main,0.005,2.008,21.6,64.8,371.0,54.5,1
576,2024-03-29 00:00:00,SENSOR-016,Basement - Storage,0.014,0.994,20.7,55.0,469.0,47.0,1
577,2024-03-29 00:00:00,SENSOR-017,Lobby - Entrance,0.533,1.913,20.3,58.4,515.0,44.8,1
578,2024-03-29 00:00:00,SENSOR-018,Lobby - Reception,0.545,0.937,24.5,71.8,418.0,45.6,0
579,2024-03-29 00:00:00,SENSOR-019,Carpark - B1,-0.971,2.059,21.6,60.8,477.0,38.3,1
580,2024-03-29 00:00:00,SENSOR-020,Carpark - B2,-2.098,2.008,21.1,51.7,546.0,59.1,1
581,2024-03-30 00:00:00,SENSOR-001,Floor 1 - Zone A,1.023,1.015,21.7,57.9,414.0,25.4,1
582,2024-03-30 00:00:00,SENSOR-002,Floor 1 - Zone B,1.025,1.962,25.9,58.5,356.0,55.2,1
583,2024-03-30 00:00:00,SENSOR-003,Floor 1 - Zone C,1.076,3.049,21.7,55.6,561.0,45.7,1
584,2024-03-30 00:00:00,SENSOR-004,Floor 2 - Zone A,1.946,1.064,20.2,61.2,437.0,39.6,1
585,2024-03-30 00:00:00,SENSOR-005,Floor 2 - Zone B,1.988,1.933,22.3,58.7,502.0,36.4,1
586,2024-03-30 00:00:00,SENSOR-006,Floor 2 - Zone C,2.013,2.973,22.4,57.4,548.0,46.2,0
587,2024-03-30 00:00:00,SENSOR-007,Floor 3 - Zone A,3.06,0.993,22.2,69.0,510.0,49.1,1
588,2024-03-30 00:00:00,SENSOR-008,Floor 3 - Zone B,2.954,1.997,,49.7,516.0,51.7,1
589,2024-03-30 00:00:00,SENSOR-009,Floor 3 - Zone C,3.007,2.936,21.8,48.4,397.0,31.0,0
590,2024-03-30 00:00:00,SENSOR-010,Floor 4 - Zone A,4.091,0.935,23.0,47.6,481.0,45.9,1
591,2024-03-30 00:00:00,SENSOR-011,Floor 4 - Zone B,3.882,2.016,21.5,49.9,429.0,32.1,1
592,2024-03-30 00:00:00,SENSOR-012,Floor 4 - Zone C,4.052,2.994,24.3,58.0,394.0,23.3,1
593,2024-03-30 00:00:00,SENSOR-013,Rooftop - North,4.924,1.463,26.0,47.3,435.0,57.5,1
594,2024-03-30 00:00:00,SENSOR-014,Rooftop - South,4.977,2.512,22.5,54.4,311.0,51.8,1
595,2024-03-30 00:00:00,SENSOR-015,Basement - Main,-0.037,2.056,20.9,49.7,330.0,37.6,1
596,2024-03-30 00:00:00,SENSOR-016,Basement - Storage,-0.041,1.092,22.6,66.8,320.0,38.7,1
597,2024-03-30 00:00:00,SENSOR-017,Lobby - Entrance,0.424,2.09,22.5,52.0,471.0,62.5,0
598,2024-03-30 00:00:00,SENSOR-018,Lobby - Reception,0.467,0.933,21.9,77.4,443.0,40.3,1
599,2024-03-30 00:00:00,SENSOR-019,Carpark - B1,-1.1,2.007,19.8,68.4,344.0,27.8,1
600,2024-03-30 00:00:00,SENSOR-020,Carpark - B2,-2.069,2.051,19.5,53.6,400.0,31.2,0
601,2024-03-31 00:00:00,SENSOR-001,Floor 1 - Zone A,0.986,1.128,22.5,57.6,339.0,23.2,1
602,2024-03-31 00:00:00,SENSOR-002,Floor 1 - Zone B,0.917,1.99,19.0,56.4,421.0,46.8,1
603,2024-03-31 00:00:00,SENSOR-003,Floor 1 - Zone C,1.0,3.008,21.7,53.8,538.0,33.4,1
604,2024-03-31 00:00:00,SENSOR-004,Floor 2 - Zone A,1.975,1.039,21.6,59.4,387.0,33.1,1
605,2024-03-31 00:00:00,SENSOR-005,Floor 2 - Zone B,1.899,2.013,,62.9,504.0,40.9,0
606,2024-03-31 00:00:00,SENSOR-006,Floor 2 - Zone C,1.949,3.03,21.2,44.7,519.0,32.1,1
607,2024-03-31 00:00:00,SENSOR-007,Floor 3 - Zone A,2.923,0.988,21.7,62.2,390.0,36.4,1
608,2024-03-31 00:00:00,SENSOR-008,Floor 3 - Zone B,3.001,1.898,,52.7,363.0,20.7,0
609,2024-03-31 00:00:00,SENSOR-009,Floor 3 - Zone C,2.948,3.043,21.4,59.7,511.0,37.3,1
610,2024-03-31 00:00:00,SENSOR-010,Floor 4 - Zone A,4.035,1.067,20.8,47.7,379.0,34.6,0
611,2024-03-31 00:00:00,SENSOR-011,Floor 4 - Zone B,3.924,1.932,20.1,56.7,361.0,25.5,1
612,2024-03-31 00:00:00,SENSOR-012,Floor 4 - Zone C,3.996,3.06,23.7,38.3,534.0,16.4,0
613,2024-03-31 00:00:00,SENSOR-013,Rooftop - North,5.125,1.534,24.3,52.3,481.0,41.6,1
614,2024-03-31 00:00:00,SENSOR-014,Rooftop - South,5.061,2.507,24.4,63.2,458.0,46.3,1
615,2024-03-31 00:00:00,SENSOR-015,Basement - Main,0.016,1.979,18.9,49.9,380.0,45.7,0
616,2024-03-31 00:00:00,SENSOR-016,Basement - Storage,0.023,0.984,20.7,70.9,415.0,47.2,1
617,2024-03-31 00:00:00,SENSOR-017,Lobby - Entrance,0.541,2.001,21.2,36.0,494.0,54.5,0
618,2024-03-31 00:00:00,SENSOR-018,Lobby - Reception,0.472,0.973,22.7,51.2,495.0,57.6,1
619,2024-03-31 00:00:00,SENSOR-019,Carpark - B1,-1.01,1.945,19.6,50.9,397.0,53.5,1
620,2024-03-31 00:00:00,SENSOR-020,Carpark - B2,-1.976,1.992,20.7,50.1,676.0,63.3,1
621,2024-04-01 00:00:00,SENSOR-001,Floor 1 - Zone A,1.041,0.971,20.3,53.3,386.0,40.3,1
622,2024-04-01 00:00:00,SENSOR-002,Floor 1 - Zone B,1.025,2.02,21.6,57.0,445.0,41.6,1
623,2024-04-01 00:00:00,SENSOR-003,Floor 1 - Zone C,1.109,3.023,20.6,58.8,454.0,25.3,1
624,2024-04-01 00:00:00,SENSOR-004,Floor 2 - Zone A,1.988,1.103,21.0,57.6,519.0,54.5,0
625,2024-04-01 00:00:00,SENSOR-005,Floor 2 - Zone B,1.948,1.97,21.2,49.2,435.0,39.2,0
626,2024-04-01 00:00:00,SENSOR-006,Floor 2 - Zone C,2.113,2.952,,54.7,391.0,44.3,0
627,2024-04-01 00:00:00,SENSOR-007,Floor 3 - Zone A,2.95,1.076,23.5,51.5,455.0,42.4,0
628,2024-04-01 00:00:00,SENSOR-008,Floor 3 - Zone B,3.017,1.999,23.6,60.5,503.0,37.4,1
629,2024-04-01 00:00:00,SENSOR-009,Floor 3 - Zone C,3.044,3.003,20.7,60.3,554.0,41.7,1
630,2024-04-01 00:00:00,SENSOR-010,Floor 4 - Zone A,4.075,1.033,22.3,49.5,418.0,39.2,1
631,2024-04-01 00:00:00,SENSOR-011,Floor 4 - Zone B,4.01,2.044,21.9,57.9,550.0,44.2,0
632,2024-04-01 00:00:00,SENSOR-012,Floor 4 - Zone C,3.973,2.957,23.4,65.6,485.0,37.1,0
633,2024-04-01 00:00:00,SENSOR-013,Rooftop - North,5.004,1.415,25.5,50.9,578.0,44.8,0
634,2024-04-01 00:00:00,SENSOR-014,Rooftop - South,4.975,2.543,25.8,55.7,477.0,39.1,1
635,2024-04-01 00:00:00,SENSOR-015,Basement - Main,-0.024,2.028,18.6,67.9,403.0,49.7,0
636,2024-04-01 00:00:00,SENSOR-016,Basement - Storage,-0.038,1.057,18.9,49.7,450.0,51.0,1
637,2024-04-01 00:00:00,SENSOR-017,Lobby - Entrance,0.455,2.123,21.9,69.3,452.0,44.4,1
638,2024-04-01 00:00:00,SENSOR-018,Lobby - Reception,0.513,1.088,22.6,63.2,530.0,38.6,1
639,2024-04-01 00:00:00,SENSOR-019,Carpark - B1,-1.086,1.958,,49.9,341.0,54.2,1
640,2024-04-01 00:00:00,SENSOR-020,Carpark - B2,-2.027,2.055,20.5,52.7,397.0,40.6,0
641,2024-04-02 00:00:00,SENSOR-001,Floor 1 - Zone A,1.091,0.95,21.3,37.3,489.0,34.6,1
642,2024-04-02 00:00:00,SENSOR-002,Floor 1 - Zone B,1.025,1.973,,60.7,501.0,60.0,1
643,2024-04-02 00:00:00,SENSOR-003,Floor 1 - Zone C,0.997,2.962,20.9,63.2,419.0,40.8,0
644,2024-04-02 00:00:00,SENSOR-004,Floor 2 - Zone A,1.921,1.021,22.5,53.6,558.0,34.4,1
645,2024-04-02 00:00:00,SENSOR-005,Floor 2 - Zone B,2.034,2.0,21.1,52.1,419.0,44.3,0
646,2024-04-02 00:00:00,SENSOR-006,Floor 2 - Zone C,2.044,3.033,22.3,60.5,447.0,42.1,1
647,2024-04-02 00:00:00,SENSOR-007,Floor 3 - Zone A,2.94,0.962,20.7,61.7,380.0,49.3,1
648,2024-04-02 00:00:00,SENSOR-008,Floor 3 - Zone B,2.981,2.007,21.5,60.7,299.0,22.3,1
649,2024-04-02 00:00:00,SENSOR-009,Floor 3 - Zone C,2.992,3.102,20.3,52.7,542.0,44.9,1
650,2024-04-02 00:00:00,SENSOR-010,Floor 4 - Zone A,4.033,0.943,22.7,59.0,462.0,35.8,1
651,2024-04-02 00:00:00,SENSOR-011,Floor 4 - Zone B,3.99,1.898,22.6,49.8,250.0,30.6,0
652,2024-04-02 00:00:00,SENSOR-012,Floor 4 - Zone C,3.949,2.957,23.5,53.5,500.0,30.7,1
653,2024-04-02 00:00:00,SENSOR-013,Rooftop - North,5.07,1.553,25.5,45.4,354.0,40.5,0
654,2024-04-02 00:00:00,SENSOR-014,Rooftop - South,5.018,2.516,24.6,60.9,507.0,47.0,1
655,2024-04-02 00:00:00,SENSOR-015,Basement - Main,-0.008,2.018,17.3,63.2,417.0,11.7,1
656,2024-04-02 00:00:00,SENSOR-016,Basement - Storage,-0.081,0.963,18.1,53.1,373.0,45.9,0
657,2024-04-02 00:00:00,SENSOR-017,Lobby - Entrance,0.579,1.998,24.5,52.8,396.0,59.8,1
658,2024-04-02 00:00:00,SENSOR-018,Lobby - Reception,0.487,0.993,20.7,43.2,494.0,41.4,1
659,2024-04-02 00:00:00,SENSOR-019,Carpark - B1,-1.042,2.007,17.2,64.7,410.0,65.3,0
660,2024-04-02 00:00:00,SENSOR-020,Carpark - B2,-1.994,2.012,19.6,59.7,419.0,45.4,1
661,2024-04-03 00:00:00,SENSOR-001,Floor 1 - Zone A,0.999,1.021,23.6,67.0,356.0,56.6,1
662,2024-04-03 00:00:00,SENSOR-002,Floor 1 - Zone B,0.938,1.943,21.0,60.8,513.0,49.6,1
663,2024-04-03 00:00:00,SENSOR-003,Floor 1 - Zone C,0.957,3.027,22.6,55.2,398.0,33.9,1
664,2024-04-03 00:00:00,SENSOR-004,Floor 2 - Zone A,2.027,0.974,20.9,47.6,405.0,40.2,1
665,2024-04-03 00:00:00,SENSOR-005,Floor 2 - Zone B,2.057,2.001,21.1,62.3,654.0,52.7,1
666,2024-04-03 00:00:00,SENSOR-006,Floor 2 - Zone C,2.0,2.977,22.2,55.9,386.0,27.9,0
667,2024-04-03 00:00:00,SENSOR-007,Floor 3 - Zone A,2.953,1.031,22.6,47.2,556.0,42.3,0
668,2024-04-03 00:00:00,SENSOR-008,Floor 3 - Zone B,3.017,1.988,21.7,58.5,439.0,49.4,0
669,2024-04-03 00:00:00,SENSOR-009,Floor 3 - Zone C,2.964,3.036,22.6,41.7,564.0,39.0,1
670,2024-04-03 00:00:00,SENSOR-010,Floor 4 - Zone A,4.039,0.996,22.3,51.4,424.0,54.1,1
671,2024-04-03 00:00:00,SENSOR-011,Floor 4 - Zone B,4.094,1.991,23.0,64.1,390.0,36.3,1
672,2024-04-03 00:00:00,SENSOR-012,Floor 4 - Zone C,4.0,2.941,22.1,37.5,467.0,32.8,1
673,2024-04-03 00:00:00,SENSOR-013,Rooftop - North,4.957,1.533,26.4,62.4,393.0,19.8,0
674,2024-04-03 00:00:00,SENSOR-014,Rooftop - South,5.003,2.573,26.5,67.5,456.0,34.2,0
675,2024-04-03 00:00:00,SENSOR-015,Basement - Main,-0.028,2.044,20.0,51.7,386.0,38.9,1
676,2024-04-03 00:00:00,SENSOR-016,Basement - Storage,-0.003,0.99,18.4,61.5,327.0,33.1,1
677,2024-04-03 00:00:00,SENSOR-017,Lobby - Entrance,0.503,1.995,24.3,50.7,499.0,47.3,1
678,2024-04-03 00:00:00,SENSOR-018,Lobby - Reception,0.48,0.914,22.3,34.5,414.0,53.4,1
679,2024-04-03 00:00:00,SENSOR-019,Carpark - B1,-0.98,2.041,22.1,48.1,402.0,26.0,1
680,2024-04-03 00:00:00,SENSOR-020,Carpark - B2,-1.992,1.947,20.0,66.4,443.0,47.8,1
681,2024-04-04 00:00:00,SENSOR-001,Floor 1 - Zone A,0.997,1.003,20.7,54.0,,35.7,0
682,2024-04-04 00:00:00,SENSOR-002,Floor 1 - Zone B,0.982,2.007,20.4,47.7,581.0,46.8,1
683,2024-04-04 00:00:00,SENSOR-003,Floor 1 - Zone C,0.988,2.942,23.1,55.7,469.0,18.1,0
684,2024-04-04 00:00:00,SENSOR-004,Floor 2 - Zone A,1.967,1.02,21.9,58.4,385.0,61.2,0
685,2024-04-04 00:00:00,SENSOR-005,Floor 2 - Zone B,1.991,2.014,20.9,60.7,425.0,46.4,0
686,2024-04-04 00:00:00,SENSOR-006,Floor 2 - Zone C,2.034,2.858,23.8,62.4,440.0,47.7,1
687,2024-04-04 00:00:00,SENSOR-007,Floor 3 - Zone A,2.959,0.95,21.6,50.4,331.0,44.9,1
688,2024-04-04 00:00:00,SENSOR-008,Floor 3 - Zone B,2.975,2.032,21.6,65.3,307.0,55.8,1
689,2024-04-04 00:00:00,SENSOR-009,Floor 3 - Zone C,3.021,2.977,22.5,49.4,384.0,56.9,0
690,2024-04-04 00:00:00,SENSOR-010,Floor 4 - Zone A,3.982,1.06,22.0,60.1,308.0,47.3,0
691,2024-04-04 00:00:00,SENSOR-011,Floor 4 - Zone B,4.062,2.043,22.5,50.1,330.0,43.1,1
692,2024-04-04 00:00:00,SENSOR-012,Floor 4 - Zone C,4.002,3.004,,56.5,336.0,20.6,1
693,2024-04-04 00:00:00,SENSOR-013,Rooftop - North,5.046,1.458,25.8,34.5,474.0,30.7,1
694,2024-04-04 00:00:00,SENSOR-014,Rooftop - South,5.048,2.552,26.5,53.7,513.0,48.8,0
695,2024-04-04 00:00:00,SENSOR-015,Basement - Main,-0.012,1.99,20.5,63.4,440.0,34.0,1
696,2024-04-04 00:00:00,SENSOR-016,Basement - Storage,-0.056,0.886,21.4,53.6,398.0,28.0,0
697,2024-04-04 00:00:00,SENSOR-017,Lobby - Entrance,0.429,1.994,20.9,69.4,431.0,43.2,1
698,2024-04-04 00:00:00,SENSOR-018,Lobby - Reception,0.465,0.983,20.4,56.8,589.0,41.8,1
699,2024-04-04 00:00:00,SENSOR-019,Carpark - B1,-1.039,2.012,20.2,48.5,566.0,31.1,0
700,2024-04-04 00:00:00,SENSOR-020,Carpark - B2,-2.075,1.986,20.9,55.3,418.0,54.7,0
701,2024-04-05 00:00:00,SENSOR-001,Floor 1 - Zone A,1.016,1.006,19.8,52.4,454.0,36.2,1
702,2024-04-05 00:00:00,SENSOR-002,Floor 1 - Zone B,0.987,1.936,21.3,66.2,434.0,21.2,0
703,2024-04-05 00:00:00,SENSOR-003,Floor 1 - Zone C,0.987,2.994,21.9,54.9,395.0,23.7,1
704,2024-04-05 00:00:00,SENSOR-004,Floor 2 - Zone A,1.948,1.001,23.4,55.0,500.0,51.5,0
705,2024-04-05 00:00:00,SENSOR-005,Floor 2 - Zone B,2.054,2.019,20.1,62.1,319.0,42.1,0
706,2024-04-05 00:00:00,SENSOR-006,Floor 2 - Zone C,1.972,3.003,21.9,51.5,354.0,58.6,1
707,2024-04-05 00:00:00,SENSOR-007,Floor 3 - Zone A,2.98,0.928,22.6,57.1,505.0,42.5,0
708,2024-04-05 00:00:00,SENSOR-008,Floor 3 - Zone B,3.029,2.115,21.7,58.7,384.0,38.4,1
709,2024-04-05 00:00:00,SENSOR-009,Floor 3 - Zone C,3.038,2.978,21.6,60.2,475.0,52.3,1
710,2024-04-05 00:00:00,SENSOR-010,Floor 4 - Zone A,3.951,0.951,24.6,55.0,506.0,36.4,0
711,2024-04-05 00:00:00,SENSOR-011,Floor 4 - Zone B,4.069,2.044,23.5,63.1,395.0,32.3,0
712,2024-04-05 00:00:00,SENSOR-012,Floor 4 - Zone C,3.942,2.956,20.1,46.8,480.0,41.4,0
713,2024-04-05 00:00:00,SENSOR-013,Rooftop - North,4.994,1.386,25.9,56.6,296.0,32.9,1
714,2024-04-05 00:00:00,SENSOR-014,Rooftop - South,4.98,2.499,24.6,55.6,569.0,51.9,1
715,2024-04-05 00:00:00,SENSOR-015,Basement - Main,-0.028,1.983,19.0,38.2,344.0,37.1,0
716,2024-04-05 00:00:00,SENSOR-016,Basement - Storage,0.066,1.006,19.8,60.9,468.0,32.7,1
717,2024-04-05 00:00:00,SENSOR-017,Lobby - Entrance,0.465,2.034,21.8,51.9,484.0,62.2,1
718,2024-04-05 00:00:00,SENSOR-018,Lobby - Reception,0.485,1.067,24.3,54.8,,54.6,1
719,2024-04-05 00:00:00,SENSOR-019,Carpark - B1,-0.979,2.017,20.3,55.6,,45.4,1
720,2024-04-05 00:00:00,SENSOR-020,Carpark - B2,-1.963,2.039,20.9,47.2,352.0,52.2,1
721,2024-04-06 00:00:00,SENSOR-001,Floor 1 - Zone A,0.896,1.054,20.9,58.5,543.0,43.6,1
722,2024-04-06 00:00:00,SENSOR-002,Floor 1 - Zone B,0.966,1.982,22.2,46.5,,37.7,1
723,2024-04-06 00:00:00,SENSOR-003,Floor 1 - Zone C,1.003,3.027,21.1,54.1,387.0,32.5,1
724,2024-04-06 00:00:00,SENSOR-004,Floor 2 - Zone A,2.067,1.018,21.3,40.8,541.0,46.6,1
725,2024-04-06 00:00:00,SENSOR-005,Floor 2 - Zone B,2.025,1.982,22.2,37.2,487.0,32.5,1
726,2024-04-06 00:00:00,SENSOR-006,Floor 2 - Zone C,2.08,3.015,21.5,66.5,425.0,25.9,1
727,2024-04-06 00:00:00,SENSOR-007,Floor 3 - Zone A,2.976,0.913,,59.1,551.0,52.0,1
728,2024-04-06 00:00:00,SENSOR-008,Floor 3 - Zone B,3.064,1.966,23.0,58.9,452.0,24.8,1
729,2024-04-06 00:00:00,SENSOR-009,Floor 3 - Zone C,2.933,2.996,22.4,51.2,424.0,37.4,1
730,2024-04-06 00:00:00,SENSOR-010,Floor 4 - Zone A,4.092,1.038,22.5,42.0,511.0,35.7,1
731,2024-04-06 00:00:00,SENSOR-011,Floor 4 - Zone B,4.01,2.03,23.0,40.6,491.0,41.9,0
732,2024-04-06 00:00:00,SENSOR-012,Floor 4 - Zone C,3.939,3.007,25.3,63.3,516.0,34.1,0
733,2024-04-06 00:00:00,SENSOR-013,Rooftop - North,4.981,1.473,24.3,61.1,564.0,46.4,1
734,2024-04-06 00:00:00,SENSOR-014,Rooftop - South,5.016,2.523,27.2,53.9,,32.4,0
735,2024-04-06 00:00:00,SENSOR-015,Basement - Main,0.017,1.989,21.1,54.4,567.0,39.6,1
736,2024-04-06 00:00:00,SENSOR-016,Basement - Storage,-0.017,0.988,21.2,47.4,416.0,45.5,0
737,2024-04-06 00:00:00,SENSOR-017,Lobby - Entrance,0.549,1.989,,50.8,514.0,63.7,0
738,2024-04-06 00:00:00,SENSOR-018,Lobby - Reception,0.541,1.052,22.8,49.9,289.0,50.7,0
739,2024-04-06 00:00:00,SENSOR-019,Carpark - B1,-0.989,1.934,21.2,59.2,375.0,60.5,1
740,2024-04-06 00:00:00,SENSOR-020,Carpark - B2,-2.032,1.986,19.8,46.3,470.0,44.9,0
741,2024-04-07 00:00:00,SENSOR-001,Floor 1 - Zone A,1.023,0.937,22.6,65.9,345.0,39.1,1
742,2024-04-07 00:00:00,SENSOR-002,Floor 1 - Zone B,1.062,2.009,24.9,59.4,446.0,29.9,0
743,2024-04-07 00:00:00,SENSOR-003,Floor 1 - Zone C,0.991,3.076,23.3,46.9,456.0,56.7,0
744,2024-04-07 00:00:00,SENSOR-004,Floor 2 - Zone A,1.959,1.052,21.5,41.8,214.0,58.2,1
745,2024-04-07 00:00:00,SENSOR-005,Floor 2 - Zone B,2.068,2.003,20.8,60.0,446.0,53.2,0
746,2024-04-07 00:00:00,SENSOR-006,Floor 2 - Zone C,2.036,2.973,22.4,55.7,455.0,45.5,1
747,2024-04-07 00:00:00,SENSOR-007,Floor 3 - Zone A,2.974,1.037,20.7,53.5,477.0,35.7,1
748,2024-04-07 00:00:00,SENSOR-008,Floor 3 - Zone B,3.012,2.014,24.2,56.1,560.0,45.1,1
749,2024-04-07 00:00:00,SENSOR-009,Floor 3 - Zone C,3.056,3.031,23.5,55.2,368.0,46.3,0
750,2024-04-07 00:00:00,SENSOR-010,Floor 4 - Zone A,3.917,0.972,23.9,57.6,388.0,47.6,0
751,2024-04-07 00:00:00,SENSOR-011,Floor 4 - Zone B,3.979,1.957,21.9,58.8,402.0,56.0,1
752,2024-04-07 00:00:00,SENSOR-012,Floor 4 - Zone C,3.948,3.142,23.0,43.2,475.0,41.5,0
753,2024-04-07 00:00:00,SENSOR-013,Rooftop - North,4.951,1.583,26.4,61.0,314.0,15.1,0
754,2024-04-07 00:00:00,SENSOR-014,Rooftop - South,4.962,2.506,26.0,45.0,590.0,33.1,0
755,2024-04-07 00:00:00,SENSOR-015,Basement - Main,0.015,2.045,19.9,49.1,456.0,31.6,0
756,2024-04-07 00:00:00,SENSOR-016,Basement - Storage,-0.05,1.095,20.6,44.6,483.0,46.2,0
757,2024-04-07 00:00:00,SENSOR-017,Lobby - Entrance,0.545,1.973,21.9,55.2,458.0,52.5,1
758,2024-04-07 00:00:00,SENSOR-018,Lobby - Reception,0.472,0.965,25.5,54.5,619.0,53.0,1
759,2024-04-07 00:00:00,SENSOR-019,Carpark - B1,-0.997,1.982,20.7,54.9,435.0,44.6,1
760,2024-04-07 00:00:00,SENSOR-020,Carpark - B2,-1.956,2.066,19.9,44.7,535.0,28.0,0
761,2024-04-08 00:00:00,SENSOR-001,Floor 1 - Zone A,0.975,1.011,23.6,58.3,398.0,29.4,0
762,2024-04-08 00:00:00,SENSOR-002,Floor 1 - Zone B,0.932,2.021,21.8,61.3,249.0,37.0,1
763,2024-04-08 00:00:00,SENSOR-003,Floor 1 - Zone C,0.972,3.016,23.1,55.4,352.0,40.2,1
764,2024-04-08 00:00:00,SENSOR-004,Floor 2 - Zone A,2.036,0.958,23.5,63.8,529.0,48.1,0
765,2024-04-08 00:00:00,SENSOR-005,Floor 2 - Zone B,2.032,2.109,21.4,51.1,391.0,40.5,0
766,2024-04-08 00:00:00,SENSOR-006,Floor 2 - Zone C,1.999,2.955,22.6,52.7,370.0,35.9,0
767,2024-04-08 00:00:00,SENSOR-007,Floor 3 - Zone A,2.972,0.997,21.8,48.5,446.0,28.7,0
768,2024-04-08 00:00:00,SENSOR-008,Floor 3 - Zone B,3.037,1.948,20.2,43.3,365.0,29.4,0
769,2024-04-08 00:00:00,SENSOR-009,Floor 3 - Zone C,3.004,2.958,23.1,57.2,,28.6,1
770,2024-04-08 00:00:00,SENSOR-010,Floor 4 - Zone A,4.054,0.965,21.3,63.2,428.0,47.6,0
771,2024-04-08 00:00:00,SENSOR-011,Floor 4 - Zone B,4.043,1.918,21.7,52.0,433.0,45.7,1
772,2024-04-08 00:00:00,SENSOR-012,Floor 4 - Zone C,3.945,2.975,22.0,60.9,432.0,17.3,0
773,2024-04-08 00:00:00,SENSOR-013,Rooftop - North,4.985,1.6,24.5,59.6,360.0,22.5,0
774,2024-04-08 00:00:00,SENSOR-014,Rooftop - South,5.056,2.491,23.6,47.2,508.0,21.2,1
775,2024-04-08 00:00:00,SENSOR-015,Basement - Main,-0.013,1.965,19.5,69.0,608.0,32.2,1
776,2024-04-08 00:00:00,SENSOR-016,Basement - Storage,0.027,1.019,18.1,54.3,563.0,27.4,1
777,2024-04-08 00:00:00,SENSOR-017,Lobby - Entrance,0.511,2.052,22.7,54.6,411.0,49.0,1
778,2024-04-08 00:00:00,SENSOR-018,Lobby - Reception,0.403,1.019,21.7,55.7,471.0,40.0,1
779,2024-04-08 00:00:00,SENSOR-019,Carpark - B1,-0.985,2.006,21.2,65.1,533.0,41.6,0
780,2024-04-08 00:00:00,SENSOR-020,Carpark - B2,-2.034,2.052,20.8,73.2,523.0,52.1,1
781,2024-04-09 00:00:00,SENSOR-001,Floor 1 - Zone A,1.014,0.914,21.4,56.5,265.0,37.2,0
782,2024-04-09 00:00:00,SENSOR-002,Floor 1 - Zone B,1.009,2.057,22.6,64.2,521.0,41.1,0
783,2024-04-09 00:00:00,SENSOR-003,Floor 1 - Zone C,1.065,2.945,23.2,62.2,383.0,42.7,0
784,2024-04-09 00:00:00,SENSOR-004,Floor 2 - Zone A,1.997,1.125,20.7,55.3,536.0,33.6,1
785,2024-04-09 00:00:00,SENSOR-005,Floor 2 - Zone B,2.045,1.95,,63.5,416.0,34.8,0
786,2024-04-09 00:00:00,SENSOR-006,Floor 2 - Zone C,1.982,2.964,21.3,68.0,273.0,41.6,1
787,2024-04-09 00:00:00,SENSOR-007,Floor 3 - Zone A,3.026,0.947,20.7,52.7,556.0,30.9,1
788,2024-04-09 00:00:00,SENSOR-008,Floor 3 - Zone B,3.061,2.108,20.6,65.6,482.0,47.4,1
789,2024-04-09 00:00:00,SENSOR-009,Floor 3 - Zone C,3.009,3.001,24.6,67.3,473.0,38.2,1
790,2024-04-09 00:00:00,SENSOR-010,Floor 4 - Zone A,3.967,0.92,21.5,51.3,495.0,28.8,0
791,2024-04-09 00:00:00,SENSOR-011,Floor 4 - Zone B,4.04,2.011,21.7,47.3,412.0,45.9,1
792,2024-04-09 00:00:00,SENSOR-012,Floor 4 - Zone C,4.066,3.035,23.8,42.5,381.0,53.7,0
793,2024-04-09 00:00:00,SENSOR-013,Rooftop - North,5.062,1.479,23.6,50.0,448.0,47.0,1
794,2024-04-09 00:00:00,SENSOR-014,Rooftop - South,5.024,2.557,27.6,60.9,473.0,21.1,1
795,2024-04-09 00:00:00,SENSOR-015,Basement - Main,0.061,1.99,,57.5,508.0,36.3,1
796,2024-04-09 00:00:00,SENSOR-016,Basement - Storage,-0.03,1.044,20.2,48.5,465.0,28.9,0
797,2024-04-09 00:00:00,SENSOR-017,Lobby - Entrance,0.553,2.014,23.5,53.3,297.0,34.6,1
798,2024-04-09 00:00:00,SENSOR-018,Lobby - Reception,0.476,1.014,23.3,58.0,311.0,39.9,0
799,2024-04-09 00:00:00,SENSOR-019,Carpark - B1,-0.906,1.921,19.6,66.8,416.0,36.9,0
800,2024-04-09 00:00:00,SENSOR-020,Carpark - B2,-1.985,2.034,19.2,59.1,371.0,27.8,1
801,2024-04-10 00:00:00,SENSOR-001,Floor 1 - Zone A,1.068,1.11,21.8,69.3,311.0,45.2,1
802,2024-04-10 00:00:00,SENSOR-002,Floor 1 - Zone B,0.926,1.913,23.1,58.2,495.0,54.4,1
803,2024-04-10 00:00:00,SENSOR-003,Floor 1 - Zone C,1.037,2.948,22.7,60.3,452.0,38.4,0
804,2024-04-10 00:00:00,SENSOR-004,Floor 2 - Zone A,2.04,1.017,22.2,59.6,485.0,60.0,0
805,2024-04-10 00:00:00,SENSOR-005,Floor 2 - Zone B,1.972,2.042,21.4,60.7,522.0,60.3,1
806,2024-04-10 00:00:00,SENSOR-006,Floor 2 - Zone C,2.046,2.978,24.1,49.9,319.0,38.0,1
807,2024-04-10 00:00:00,SENSOR-007,Floor 3 - Zone A,3.025,1.052,20.5,63.8,397.0,40.8,0
808,2024-04-10 00:00:00,SENSOR-008,Floor 3 - Zone B,2.973,2.01,21.6,44.5,419.0,57.4,0
809,2024-04-10 00:00:00,SENSOR-009,Floor 3 - Zone C,3.026,3.003,21.5,38.2,348.0,44.4,1
810,2024-04-10 00:00:00,SENSOR-010,Floor 4 - Zone A,4.001,1.077,21.4,59.6,464.0,50.9,0
811,2024-04-10 00:00:00,SENSOR-011,Floor 4 - Zone B,3.958,2.019,20.5,63.2,542.0,36.4,1
812,2024-04-10 00:00:00,SENSOR-012,Floor 4 - Zone C,4.016,3.048,23.1,61.9,451.0,40.2,1
813,2024-04-10 00:00:00,SENSOR-013,Rooftop - North,5.002,1.588,25.0,54.6,251.0,59.1,1
814,2024-04-10 00:00:00,SENSOR-014,Rooftop - South,5.001,2.581,,51.6,454.0,27.8,0
815,2024-04-10 00:00:00,SENSOR-015,Basement - Main,-0.027,1.935,21.0,46.6,503.0,54.1,0
816,2024-04-10 00:00:00,SENSOR-016,Basement - Storage,0.001,0.998,18.7,60.8,393.0,46.2,0
817,2024-04-10 00:00:00,SENSOR-017,Lobby - Entrance,0.457,1.993,22.4,51.2,497.0,42.0,1
818,2024-04-10 00:00:00,SENSOR-018,Lobby - Reception,0.412,0.973,23.8,59.5,513.0,36.4,1
819,2024-04-10 00:00:00,SENSOR-019,Carpark - B1,-1.06,2.019,20.2,58.9,,48.4,1
820,2024-04-10 00:00:00,SENSOR-020,Carpark - B2,-1.937,1.976,18.7,54.3,530.0,49.8,1
821,2024-04-11 00:00:00,SENSOR-001,Floor 1 - Zone A,0.995,1.003,20.1,57.1,612.0,31.9,1
822,2024-04-11 00:00:00,SENSOR-002,Floor 1 - Zone B,0.978,2.058,21.4,44.2,446.0,56.5,1
823,2024-04-11 00:00:00,SENSOR-003,Floor 1 - Zone C,1.055,2.911,21.4,52.9,468.0,44.5,0
824,2024-04-11 00:00:00,SENSOR-004,Floor 2 - Zone A,2.058,0.98,20.7,52.7,468.0,36.6,1
825,2024-04-11 00:00:00,SENSOR-005,Floor 2 - Zone B,2.03,2.091,21.8,56.1,465.0,29.7,0
826,2024-04-11 00:00:00,SENSOR-006,Floor 2 - Zone C,2.026,3.048,,61.5,461.0,44.5,1
827,2024-04-11 00:00:00,SENSOR-007,Floor 3 - Zone A,3.018,0.941,22.0,63.5,,36.4,1
828,2024-04-11 00:00:00,SENSOR-008,Floor 3 - Zone B,2.948,1.968,21.7,40.8,351.0,38.6,1
829,2024-04-11 00:00:00,SENSOR-009,Floor 3 - Zone C,2.967,3.041,22.9,29.9,398.0,40.1,1
830,2024-04-11 00:00:00,SENSOR-010,Floor 4 - Zone A,4.021,1.034,20.9,48.0,509.0,12.8,1
831,2024-04-11 00:00:00,SENSOR-011,Floor 4 - Zone B,3.972,2.017,21.9,57.0,526.0,55.7,1
832,2024-04-11 00:00:00,SENSOR-012,Floor 4 - Zone C,4.003,3.01,23.6,58.6,383.0,46.8,1
833,2024-04-11 00:00:00,SENSOR-013,Rooftop - North,4.961,1.467,25.3,57.4,284.0,46.8,0
834,2024-04-11 00:00:00,SENSOR-014,Rooftop - South,4.983,2.505,22.4,40.6,341.0,19.9,1
835,2024-04-11 00:00:00,SENSOR-015,Basement - Main,-0.021,1.941,18.5,56.9,609.0,29.7,1
836,2024-04-11 00:00:00,SENSOR-016,Basement - Storage,-0.033,0.932,21.5,63.2,517.0,35.1,1
837,2024-04-11 00:00:00,SENSOR-017,Lobby - Entrance,0.487,1.937,22.1,50.2,507.0,41.5,0
838,2024-04-11 00:00:00,SENSOR-018,Lobby - Reception,0.505,0.936,22.5,58.1,424.0,33.1,1
839,2024-04-11 00:00:00,SENSOR-019,Carpark - B1,-0.858,2.059,20.0,55.8,490.0,38.4,1
840,2024-04-11 00:00:00,SENSOR-020,Carpark - B2,-1.987,2.012,20.9,48.8,516.0,30.5,1
841,2024-04-12 00:00:00,SENSOR-001,Floor 1 - Zone A,1.137,1.028,20.8,54.0,422.0,47.3,1
842,2024-04-12 00:00:00,SENSOR-002,Floor 1 - Zone B,1.097,1.939,24.2,72.0,402.0,67.6,0
843,2024-04-12 00:00:00,SENSOR-003,Floor 1 - Zone C,0.975,3.132,,45.9,405.0,44.6,1
844,2024-04-12 00:00:00,SENSOR-004,Floor 2 - Zone A,2.029,1.044,23.3,35.4,396.0,40.3,1
845,2024-04-12 00:00:00,SENSOR-005,Floor 2 - Zone B,1.983,2.06,21.7,58.4,430.0,36.2,1
846,2024-04-12 00:00:00,SENSOR-006,Floor 2 - Zone C,1.93,2.948,22.9,59.8,343.0,34.0,1
847,2024-04-12 00:00:00,SENSOR-007,Floor 3 - Zone A,3.027,0.893,23.1,67.7,432.0,41.9,0
848,2024-04-12 00:00:00,SENSOR-008,Floor 3 - Zone B,3.068,2.062,24.0,54.2,500.0,45.1,1
849,2024-04-12 00:00:00,SENSOR-009,Floor 3 - Zone C,2.97,3.023,21.6,52.2,339.0,46.2,1
850,2024-04-12 00:00:00,SENSOR-010,Floor 4 - Zone A,3.996,1.001,21.8,58.6,413.0,39.0,1
851,2024-04-12 00:00:00,SENSOR-011,Floor 4 - Zone B,3.967,2.006,23.7,47.4,528.0,28.2,1
852,2024-04-12 00:00:00,SENSOR-012,Floor 4 - Zone C,3.932,2.976,19.2,51.6,445.0,34.3,0
853,2024-04-12 00:00:00,SENSOR-013,Rooftop - North,4.982,1.514,26.1,64.3,516.0,42.9,1
854,2024-04-12 00:00:00,SENSOR-014,Rooftop - South,5.048,2.507,24.6,65.4,449.0,39.1,0
855,2024-04-12 00:00:00,SENSOR-015,Basement - Main,0.011,1.97,20.1,56.9,405.0,43.6,1
856,2024-04-12 00:00:00,SENSOR-016,Basement - Storage,0.077,0.934,20.9,66.9,601.0,47.6,1
857,2024-04-12 00:00:00,SENSOR-017,Lobby - Entrance,0.482,1.939,21.4,57.7,290.0,36.4,0
858,2024-04-12 00:00:00,SENSOR-018,Lobby - Reception,0.457,0.92,21.6,48.5,417.0,43.3,0
859,2024-04-12 00:00:00,SENSOR-019,Carpark - B1,-0.976,2.012,19.7,61.5,423.0,46.0,1
860,2024-04-12 00:00:00,SENSOR-020,Carpark - B2,-1.946,2.008,20.7,60.4,506.0,40.4,1
861,2024-04-13 00:00:00,SENSOR-001,Floor 1 - Zone A,1.002,0.938,23.1,56.7,482.0,49.9,1
862,2024-04-13 00:00:00,SENSOR-002,Floor 1 - Zone B,0.918,1.972,19.3,63.9,472.0,29.9,0
863,2024-04-13 00:00:00,SENSOR-003,Floor 1 - Zone C,0.989,2.967,22.6,53.8,472.0,33.4,1
864,2024-04-13 00:00:00,SENSOR-004,Floor 2 - Zone A,2.079,1.04,20.2,69.9,337.0,61.4,0
865,2024-04-13 00:00:00,SENSOR-005,Floor 2 - Zone B,1.951,2.001,22.7,65.6,479.0,42.4,1
866,2024-04-13 00:00:00,SENSOR-006,Floor 2 - Zone C,1.988,3.005,23.3,60.1,448.0,57.8,1
867,2024-04-13 00:00:00,SENSOR-007,Floor 3 - Zone A,2.925,0.939,,67.1,424.0,59.1,1
868,2024-04-13 00:00:00,SENSOR-008,Floor 3 - Zone B,2.997,2.05,23.6,65.6,402.0,28.2,1
869,2024-04-13 00:00:00,SENSOR-009,Floor 3 - Zone C,2.981,3.032,20.6,48.1,494.0,36.3,0
870,2024-04-13 00:00:00,SENSOR-010,Floor 4 - Zone A,4.052,1.086,22.3,48.0,362.0,43.1,1
871,2024-04-13 00:00:00,SENSOR-011,Floor 4 - Zone B,4.004,2.024,20.2,52.7,419.0,18.5,1
872,2024-04-13 00:00:00,SENSOR-012,Floor 4 - Zone C,4.022,2.995,23.2,44.9,340.0,39.7,1
873,2024-04-13 00:00:00,SENSOR-013,Rooftop - North,5.048,1.471,23.2,63.6,495.0,48.3,1
874,2024-04-13 00:00:00,SENSOR-014,Rooftop - South,5.018,2.477,23.6,58.4,596.0,45.1,1
875,2024-04-13 00:00:00,SENSOR-015,Basement - Main,0.046,2.043,20.4,52.6,494.0,61.6,1
876,2024-04-13 00:00:00,SENSOR-016,Basement - Storage,0.007,1.029,19.7,46.5,410.0,40.3,0
877,2024-04-13 00:00:00,SENSOR-017,Lobby - Entrance,0.566,2.031,22.6,62.4,449.0,45.6,1
878,2024-04-13 00:00:00,SENSOR-018,Lobby - Reception,0.418,1.062,22.3,59.1,502.0,41.1,0
879,2024-04-13 00:00:00,SENSOR-019,Carpark - B1,-0.894,2.035,21.2,50.5,429.0,29.2,1
880,2024-04-13 00:00:00,SENSOR-020,Carpark - B2,-1.951,1.944,19.3,50.4,,64.8,1
881,2024-04-14 00:00:00,SENSOR-001,Floor 1 - Zone A,0.951,0.991,21.3,45.4,400.0,34.6,1
882,2024-04-14 00:00:00,SENSOR-002,Floor 1 - Zone B,0.967,1.988,23.4,51.5,440.0,36.7,1
883,2024-04-14 00:00:00,SENSOR-003,Floor 1 - Zone C,1.088,2.899,22.7,55.6,528.0,59.2,1
884,2024-04-14 00:00:00,SENSOR-004,Floor 2 - Zone A,2.008,1.048,22.1,56.0,404.0,53.2,0
885,2024-04-14 00:00:00,SENSOR-005,Floor 2 - Zone B,2.058,1.98,21.8,57.0,557.0,50.2,1
886,2024-04-14 00:00:00,SENSOR-006,Floor 2 - Zone C,1.985,3.119,21.4,43.5,462.0,40.5,1
887,2024-04-14 00:00:00,SENSOR-007,Floor 3 - Zone A,3.081,1.05,,43.0,,30.9,1
888,2024-04-14 00:00:00,SENSOR-008,Floor 3 - Zone B,2.953,2.004,21.5,44.8,540.0,26.2,1
889,2024-04-14 00:00:00,SENSOR-009,Floor 3 - Zone C,3.025,2.967,22.6,62.1,453.0,48.9,0
890,2024-04-14 00:00:00,SENSOR-010,Floor 4 - Zone A,4.092,0.932,22.8,55.9,377.0,39.9,0
891,2024-04-14 00:00:00,SENSOR-011,Floor 4 - Zone B,3.964,2.01,21.4,60.5,535.0,37.5,1
892,2024-04-14 00:00:00,SENSOR-012,Floor 4 - Zone C,3.984,2.949,21.9,62.1,434.0,53.8,1
893,2024-04-14 00:00:00,SENSOR-013,Rooftop - North,4.975,1.41,24.0,59.3,561.0,41.3,0
894,2024-04-14 00:00:00,SENSOR-014,Rooftop - South,5.046,2.533,25.1,62.5,397.0,43.4,1
895,2024-04-14 00:00:00,SENSOR-015,Basement - Main,0.007,1.926,20.8,59.0,430.0,41.6,1
896,2024-04-14 00:00:00,SENSOR-016,Basement - Storage,0.085,0.96,21.0,61.6,523.0,28.6,1
897,2024-04-14 00:00:00,SENSOR-017,Lobby - Entrance,0.55,2.043,25.1,36.8,467.0,32.4,1
898,2024-04-14 00:00:00,SENSOR-018,Lobby - Reception,0.514,0.958,21.3,53.0,389.0,50.7,1
899,2024-04-14 00:00:00,SENSOR-019,Carpark - B1,-1.02,2.003,21.2,56.0,432.0,49.1,0
900,2024-04-14 00:00:00,SENSOR-020,Carpark - B2,-1.96,1.967,20.5,37.1,632.0,37.1,1
901,2024-04-15 00:00:00,SENSOR-001,Floor 1 - Zone A,0.995,1.009,20.3,55.1,438.0,18.8,1
902,2024-04-15 00:00:00,SENSOR-002,Floor 1 - Zone B,1.07,2.016,21.5,53.3,381.0,58.5,0
903,2024-04-15 00:00:00,SENSOR-003,Floor 1 - Zone C,1.029,2.943,,52.2,454.0,42.4,1
904,2024-04-15 00:00:00,SENSOR-004,Floor 2 - Zone A,1.976,0.952,23.4,59.3,359.0,39.8,1
905,2024-04-15 00:00:00,SENSOR-005,Floor 2 - Zone B,2.021,2.045,20.0,56.0,365.0,46.1,1
906,2024-04-15 00:00:00,SENSOR-006,Floor 2 - Zone C,1.959,2.956,23.3,46.4,535.0,61.0,1
907,2024-04-15 00:00:00,SENSOR-007,Floor 3 - Zone A,2.951,1.041,21.5,54.7,414.0,56.0,0
908,2024-04-15 00:00:00,SENSOR-008,Floor 3 - Zone B,3.065,2.011,20.7,56.2,284.0,30.6,1
909,2024-04-15 00:00:00,SENSOR-009,Floor 3 - Zone C,2.97,3.07,24.0,59.7,446.0,31.8,1
910,2024-04-15 00:00:00,SENSOR-010,Floor 4 - Zone A,3.94,1.092,23.8,62.9,496.0,45.4,1
911,2024-04-15 00:00:00,SENSOR-011,Floor 4 - Zone B,4.002,1.98,21.9,49.5,601.0,24.4,0
912,2024-04-15 00:00:00,SENSOR-012,Floor 4 - Zone C,3.924,3.086,23.0,46.6,,33.4,1
913,2024-04-15 00:00:00,SENSOR-013,Rooftop - North,4.936,1.456,27.1,68.9,608.0,49.5,1
914,2024-04-15 00:00:00,SENSOR-014,Rooftop - South,5.027,2.468,22.8,62.5,678.0,51.1,1
915,2024-04-15 00:00:00,SENSOR-015,Basement - Main,-0.086,2.034,20.5,59.0,410.0,59.0,0
916,2024-04-15 00:00:00,SENSOR-016,Basement - Storage,-0.042,1.036,19.6,54.6,415.0,40.4,0
917,2024-04-15 00:00:00,SENSOR-017,Lobby - Entrance,0.595,2.04,24.0,59.4,386.0,41.9,1
918,2024-04-15 00:00:00,SENSOR-018,Lobby - Reception,0.474,0.999,22.4,69.4,514.0,35.3,0
919,2024-04-15 00:00:00,SENSOR-019,Carpark - B1,-0.989,1.902,21.9,51.2,545.0,39.9,1
920,2024-04-15 00:00:00,SENSOR-020,Carpark - B2,-1.997,1.996,19.3,49.9,413.0,40.4,0
921,2024-04-16 00:00:00,SENSOR-001,Floor 1 - Zone A,1.018,1.036,21.5,57.7,512.0,43.3,1
922,2024-04-16 00:00:00,SENSOR-002,Floor 1 - Zone B,1.007,1.988,23.2,56.4,490.0,46.0,1
923,2024-04-16 00:00:00,SENSOR-003,Floor 1 - Zone C,0.992,2.97,24.1,50.6,501.0,39.9,0
924,2024-04-16 00:00:00,SENSOR-004,Floor 2 - Zone A,1.986,1.016,22.7,52.2,538.0,41.0,1
925,2024-04-16 00:00:00,SENSOR-005,Floor 2 - Zone B,2.002,1.969,21.8,49.1,361.0,45.7,0
926,2024-04-16 00:00:00,SENSOR-006,Floor 2 - Zone C,1.958,3.032,23.1,52.2,404.0,43.5,1
927,2024-04-16 00:00:00,SENSOR-007,Floor 3 - Zone A,3.093,0.919,19.3,65.0,434.0,41.1,1
928,2024-04-16 00:00:00,SENSOR-008,Floor 3 - Zone B,3.035,2.022,22.7,59.3,415.0,27.1,0
929,2024-04-16 00:00:00,SENSOR-009,Floor 3 - Zone C,3.02,2.967,22.4,52.4,387.0,48.9,0
930,2024-04-16 00:00:00,SENSOR-010,Floor 4 - Zone A,4.046,0.866,20.3,40.3,416.0,56.4,1
931,2024-04-16 00:00:00,SENSOR-011,Floor 4 - Zone B,3.971,2.137,20.4,50.2,396.0,38.1,1
932,2024-04-16 00:00:00,SENSOR-012,Floor 4 - Zone C,4.014,3.054,22.6,48.3,492.0,20.3,1
933,2024-04-16 00:00:00,SENSOR-013,Rooftop - North,4.995,1.552,25.0,57.4,631.0,33.7,1
934,2024-04-16 00:00:00,SENSOR-014,Rooftop - South,4.944,2.488,26.7,52.5,464.0,47.7,1
935,2024-04-16 00:00:00,SENSOR-015,Basement - Main,0.062,1.999,20.0,57.2,392.0,37.6,1
936,2024-04-16 00:00:00,SENSOR-016,Basement - Storage,-0.03,1.0,21.4,65.6,468.0,25.0,1
937,2024-04-16 00:00:00,SENSOR-017,Lobby - Entrance,0.509,2.035,21.8,60.8,394.0,46.9,1
938,2024-04-16 00:00:00,SENSOR-018,Lobby - Reception,0.484,1.035,22.4,38.6,377.0,39.0,1
939,2024-04-16 00:00:00,SENSOR-019,Carpark - B1,-0.999,1.933,19.8,42.4,513.0,34.4,0
940,2024-04-16 00:00:00,SENSOR-020,Carpark - B2,-2.052,2.015,19.1,69.1,410.0,41.5,1
941,2024-04-17 00:00:00,SENSOR-001,Floor 1 - Zone A,0.944,0.927,21.5,51.3,473.0,58.8,1
942,2024-04-17 00:00:00,SENSOR-002,Floor 1 - Zone B,0.956,2.089,22.7,52.8,570.0,40.2,1
943,2024-04-17 00:00:00,SENSOR-003,Floor 1 - Zone C,0.965,2.957,22.6,72.5,380.0,63.0,1
944,2024-04-17 00:00:00,SENSOR-004,Floor 2 - Zone A,2.066,0.932,19.7,61.6,408.0,35.8,1
945,2024-04-17 00:00:00,SENSOR-005,Floor 2 - Zone B,2.017,1.969,25.4,55.9,425.0,45.3,1
946,2024-04-17 00:00:00,SENSOR-006,Floor 2 - Zone C,2.025,2.879,23.6,50.4,545.0,53.9,0
947,2024-04-17 00:00:00,SENSOR-007,Floor 3 - Zone A,3.062,0.953,21.1,52.4,554.0,25.9,0
948,2024-04-17 00:00:00,SENSOR-008,Floor 3 - Zone B,3.043,2.039,21.7,48.3,260.0,39.1,1
949,2024-04-17 00:00:00,SENSOR-009,Floor 3 - Zone C,2.951,3.036,21.6,51.1,521.0,49.9,1
950,2024-04-17 00:00:00,SENSOR-010,Floor 4 - Zone A,4.06,0.975,21.0,43.5,426.0,53.7,0
951,2024-04-17 00:00:00,SENSOR-011,Floor 4 - Zone B,3.94,1.901,21.6,53.5,346.0,50.4,1
952,2024-04-17 00:00:00,SENSOR-012,Floor 4 - Zone C,3.994,2.915,21.8,59.1,363.0,50.8,1
953,2024-04-17 00:00:00,SENSOR-013,Rooftop - North,4.959,1.473,24.3,54.9,242.0,57.4,1
954,2024-04-17 00:00:00,SENSOR-014,Rooftop - South,5.053,2.455,24.3,59.8,416.0,42.8,1
955,2024-04-17 00:00:00,SENSOR-015,Basement - Main,0.063,1.96,,60.2,534.0,41.9,1
956,2024-04-17 00:00:00,SENSOR-016,Basement - Storage,0.068,1.022,18.7,55.3,441.0,44.5,1
957,2024-04-17 00:00:00,SENSOR-017,Lobby - Entrance,0.473,1.971,21.0,57.7,343.0,35.3,0
958,2024-04-17 00:00:00,SENSOR-018,Lobby - Reception,0.534,0.92,22.4,47.0,382.0,29.7,1
959,2024-04-17 00:00:00,SENSOR-019,Carpark - B1,-0.938,2.044,,58.2,236.0,53.6,0
960,2024-04-17 00:00:00,SENSOR-020,Carpark - B2,-1.965,2.004,20.6,49.8,490.0,31.1,0
961,2024-04-18 00:00:00,SENSOR-001,Floor 1 - Zone A,0.891,0.983,22.4,52.5,341.0,48.2,0
962,2024-04-18 00:00:00,SENSOR-002,Floor 1 - Zone B,1.077,1.974,22.0,44.6,655.0,37.7,1
963,2024-04-18 00:00:00,SENSOR-003,Floor 1 - Zone C,0.99,3.016,22.1,59.1,489.0,57.1,1
964,2024-04-18 00:00:00,SENSOR-004,Floor 2 - Zone A,2.062,0.942,22.0,53.9,540.0,43.7,1
965,2024-04-18 00:00:00,SENSOR-005,Floor 2 - Zone B,1.963,2.065,22.0,51.4,459.0,29.3,0
966,2024-04-18 00:00:00,SENSOR-006,Floor 2 - Zone C,1.95,2.943,23.3,55.6,614.0,36.3,1
967,2024-04-18 00:00:00,SENSOR-007,Floor 3 - Zone A,3.004,0.903,20.5,52.0,499.0,39.8,0
968,2024-04-18 00:00:00,SENSOR-008,Floor 3 - Zone B,3.102,2.023,23.6,53.3,463.0,55.8,0
969,2024-04-18 00:00:00,SENSOR-009,Floor 3 - Zone C,2.974,2.971,25.2,35.3,286.0,56.1,0
970,2024-04-18 00:00:00,SENSOR-010,Floor 4 - Zone A,3.998,0.959,22.4,41.5,423.0,41.4,1
971,2024-04-18 00:00:00,SENSOR-011,Floor 4 - Zone B,3.941,2.059,23.7,54.0,647.0,43.3,1
972,2024-04-18 00:00:00,SENSOR-012,Floor 4 - Zone C,4.023,2.975,24.3,58.2,292.0,39.5,1
973,2024-04-18 00:00:00,SENSOR-013,Rooftop - North,4.987,1.519,26.4,67.1,538.0,54.6,1
974,2024-04-18 00:00:00,SENSOR-014,Rooftop - South,5.063,2.573,25.1,57.3,428.0,36.3,1
975,2024-04-18 00:00:00,SENSOR-015,Basement - Main,0.006,2.021,22.3,47.1,528.0,41.8,0
976,2024-04-18 00:00:00,SENSOR-016,Basement - Storage,-0.004,1.031,21.5,45.8,400.0,44.9,1
977,2024-04-18 00:00:00,SENSOR-017,Lobby - Entrance,0.479,2.035,23.1,60.7,637.0,33.3,1
978,2024-04-18 00:00:00,SENSOR-018,Lobby - Reception,0.564,1.005,22.0,49.0,458.0,32.9,1
979,2024-04-18 00:00:00,SENSOR-019,Carpark - B1,-0.943,2.018,19.7,52.4,,52.0,1
980,2024-04-18 00:00:00,SENSOR-020,Carpark - B2,-1.989,2.047,20.1,47.4,369.0,25.3,1
981,2024-04-19 00:00:00,SENSOR-001,Floor 1 - Zone A,1.037,1.072,23.2,45.7,559.0,24.6,1
982,2024-04-19 00:00:00,SENSOR-002,Floor 1 - Zone B,1.076,2.099,23.1,48.2,381.0,35.9,1
983,2024-04-19 00:00:00,SENSOR-003,Floor 1 - Zone C,1.011,3.059,22.1,57.6,407.0,50.7,1
984,2024-04-19 00:00:00,SENSOR-004,Floor 2 - Zone A,1.935,1.003,22.5,59.0,560.0,36.4,1
985,2024-04-19 00:00:00,SENSOR-005,Floor 2 - Zone B,2.036,1.957,21.6,56.8,476.0,35.6,0
986,2024-04-19 00:00:00,SENSOR-006,Floor 2 - Zone C,2.031,2.933,23.6,47.5,383.0,30.0,1
987,2024-04-19 00:00:00,SENSOR-007,Floor 3 - Zone A,2.95,1.005,21.5,48.7,,25.5,1
988,2024-04-19 00:00:00,SENSOR-008,Floor 3 - Zone B,3.011,1.957,22.5,68.3,484.0,48.6,1
989,2024-04-19 00:00:00,SENSOR-009,Floor 3 - Zone C,2.943,2.978,21.2,45.7,239.0,58.5,1
990,2024-04-19 00:00:00,SENSOR-010,Floor 4 - Zone A,3.99,0.904,23.0,74.7,453.0,48.8,1
991,2024-04-19 00:00:00,SENSOR-011,Floor 4 - Zone B,3.974,2.024,21.7,51.1,408.0,43.0,0
992,2024-04-19 00:00:00,SENSOR-012,Floor 4 - Zone C,4.018,3.037,19.8,68.1,394.0,57.7,1
993,2024-04-19 00:00:00,SENSOR-013,Rooftop - North,4.956,1.52,25.8,54.7,601.0,53.1,1
994,2024-04-19 00:00:00,SENSOR-014,Rooftop - South,4.974,2.401,25.4,67.4,340.0,33.0,0
995,2024-04-19 00:00:00,SENSOR-015,Basement - Main,0.049,1.914,21.3,69.1,336.0,38.7,1
996,2024-04-19 00:00:00,SENSOR-016,Basement - Storage,-0.124,1.0,18.2,64.8,444.0,36.7,1
997,2024-04-19 00:00:00,SENSOR-017,Lobby - Entrance,0.515,1.924,21.9,61.9,429.0,47.8,1
998,2024-04-19 00:00:00,SENSOR-018,Lobby - Reception,0.376,1.003,21.0,41.4,442.0,21.2,1
999,2024-04-19 00:00:00,SENSOR-019,Carpark - B1,-0.963,1.958,21.7,50.6,504.0,52.9,1
1000,2024-04-19 00:00:00,SENSOR-020,Carpark - B2,-2.048,2.049,20.0,49.5,408.0,35.5,1
1001,2024-04-20 00:00:00,SENSOR-001,Floor 1 - Zone A,1.094,1.084,22.1,47.7,,33.1,1
1002,2024-04-20 00:00:00,SENSOR-002,Floor 1 - Zone B,1.034,2.09,19.9,45.5,498.0,42.7,1
1003,2024-04-20 00:00:00,SENSOR-003,Floor 1 - Zone C,0.993,3.024,22.4,47.8,470.0,42.9,1
1004,2024-04-20 00:00:00,SENSOR-004,Floor 2 - Zone A,1.935,0.975,23.3,47.0,337.0,40.7,1
1005,2024-04-20 00:00:00,SENSOR-005,Floor 2 - Zone B,2.05,2.072,23.2,54.8,372.0,43.0,0
1006,2024-04-20 00:00:00,SENSOR-006,Floor 2 - Zone C,1.979,3.129,20.6,50.2,456.0,45.1,1
1007,2024-04-20 00:00:00,SENSOR-007,Floor 3 - Zone A,3.029,1.005,22.5,64.5,479.0,25.4,1
1008,2024-04-20 00:00:00,SENSOR-008,Floor 3 - Zone B,2.974,1.966,21.3,50.5,484.0,40.2,0
1009,2024-04-20 00:00:00,SENSOR-009,Floor 3 - Zone C,2.972,2.927,22.9,54.9,375.0,45.8,1
1010,2024-04-20 00:00:00,SENSOR-010,Floor 4 - Zone A,3.991,0.998,21.5,45.8,435.0,50.8,0
1011,2024-04-20 00:00:00,SENSOR-011,Floor 4 - Zone B,3.953,2.059,20.4,59.2,471.0,37.1,1
1012,2024-04-20 00:00:00,SENSOR-012,Floor 4 - Zone C,3.894,2.996,22.9,50.5,410.0,44.6,0
1013,2024-04-20 00:00:00,SENSOR-013,Rooftop - North,4.978,1.521,24.5,42.6,326.0,47.6,1
1014,2024-04-20 00:00:00,SENSOR-014,Rooftop - South,4.987,2.527,25.3,61.9,449.0,32.7,1
1015,2024-04-20 00:00:00,SENSOR-015,Basement - Main,0.022,2.007,18.6,57.6,489.0,40.9,1
1016,2024-04-20 00:00:00,SENSOR-016,Basement - Storage,-0.085,1.068,19.6,45.7,347.0,50.4,1
1017,2024-04-20 00:00:00,SENSOR-017,Lobby - Entrance,0.571,2.021,,47.6,410.0,33.7,1
1018,2024-04-20 00:00:00,SENSOR-018,Lobby - Reception,0.512,1.062,22.0,62.1,442.0,51.9,1
1019,2024-04-20 00:00:00,SENSOR-019,Carpark - B1,-0.974,1.961,20.9,63.1,535.0,42.1,1
1020,2024-04-20 00:00:00,SENSOR-020,Carpark - B2,-2.006,1.972,19.8,41.2,434.0,27.7,1
1021,2024-04-21 00:00:00,SENSOR-001,Floor 1 - Zone A,0.99,0.995,,60.8,271.0,46.7,1
1022,2024-04-21 00:00:00,SENSOR-002,Floor 1 - Zone B,1.054,2.03,20.7,49.6,381.0,35.6,1
1023,2024-04-21 00:00:00,SENSOR-003,Floor 1 - Zone C,1.031,2.999,19.3,55.3,364.0,32.5,1
1024,2024-04-21 00:00:00,SENSOR-004,Floor 2 - Zone A,1.97,0.989,23.6,39.5,461.0,45.4,0
1025,2024-04-21 00:00:00,SENSOR-005,Floor 2 - Zone B,1.899,1.918,21.6,52.2,417.0,51.3,1
1026,2024-04-21 00:00:00,SENSOR-006,Floor 2 - Zone C,2.07,3.044,21.8,65.7,456.0,60.3,1
1027,2024-04-21 00:00:00,SENSOR-007,Floor 3 - Zone A,3.041,1.053,25.8,79.7,307.0,38.5,1
1028,2024-04-21 00:00:00,SENSOR-008,Floor 3 - Zone B,3.039,2.054,22.6,50.4,408.0,39.5,0
1029,2024-04-21 00:00:00,SENSOR-009,Floor 3 - Zone C,2.949,2.932,21.6,63.8,484.0,33.0,0
1030,2024-04-21 00:00:00,SENSOR-010,Floor 4 - Zone A,3.98,1.084,20.3,58.2,453.0,48.2,0
1031,2024-04-21 00:00:00,SENSOR-011,Floor 4 - Zone B,4.014,2.043,23.3,67.0,615.0,37.6,1
1032,2024-04-21 00:00:00,SENSOR-012,Floor 4 - Zone C,4.086,3.087,19.5,64.5,273.0,32.5,1
1033,2024-04-21 00:00:00,SENSOR-013,Rooftop - North,4.939,1.6,24.8,44.8,419.0,34.9,1
1034,2024-04-21 00:00:00,SENSOR-014,Rooftop - South,5.014,2.54,,47.3,516.0,60.7,1
1035,2024-04-21 00:00:00,SENSOR-015,Basement - Main,-0.035,1.97,19.6,65.7,566.0,14.8,0
1036,2024-04-21 00:00:00,SENSOR-016,Basement - Storage,0.03,0.991,20.2,48.0,441.0,49.6,1
1037,2024-04-21 00:00:00,SENSOR-017,Lobby - Entrance,0.485,2.041,23.1,47.4,513.0,37.7,0
1038,2024-04-21 00:00:00,SENSOR-018,Lobby - Reception,0.487,0.979,21.5,48.6,625.0,31.6,1
1039,2024-04-21 00:00:00,SENSOR-019,Carpark - B1,-0.995,1.989,20.7,59.3,395.0,60.4,1
1040,2024-04-21 00:00:00,SENSOR-020,Carpark - B2,-1.98,1.891,21.0,68.9,619.0,37.5,1
1041,2024-04-22 00:00:00,SENSOR-001,Floor 1 - Zone A,0.927,1.011,21.4,45.3,340.0,38.3,1
1042,2024-04-22 00:00:00,SENSOR-002,Floor 1 - Zone B,0.891,1.953,22.0,58.4,549.0,36.7,1
1043,2024-04-22 00:00:00,SENSOR-003,Floor 1 - Zone C,1.032,3.053,21.5,45.0,401.0,39.8,1
1044,2024-04-22 00:00:00,SENSOR-004,Floor 2 - Zone A,2.004,0.992,19.5,55.5,408.0,55.0,1
1045,2024-04-22 00:00:00,SENSOR-005,Floor 2 - Zone B,1.982,2.025,21.3,41.6,405.0,26.3,0
1046,2024-04-22 00:00:00,SENSOR-006,Floor 2 - Zone C,1.928,2.986,21.7,56.7,587.0,54.0,1
1047,2024-04-22 00:00:00,SENSOR-007,Floor 3 - Zone A,3.007,0.948,22.6,50.6,452.0,42.1,1
1048,2024-04-22 00:00:00,SENSOR-008,Floor 3 - Zone B,2.986,2.013,21.1,55.7,398.0,47.0,0
1049,2024-04-22 00:00:00,SENSOR-009,Floor 3 - Zone C,3.03,2.888,21.7,54.7,282.0,45.1,1
1050,2024-04-22 00:00:00,SENSOR-010,Floor 4 - Zone A,4.031,1.023,21.7,55.9,483.0,50.4,1
1051,2024-04-22 00:00:00,SENSOR-011,Floor 4 - Zone B,3.971,2.085,22.0,45.5,631.0,35.6,1
1052,2024-04-22 00:00:00,SENSOR-012,Floor 4 - Zone C,4.041,2.986,24.6,52.0,521.0,65.8,1
1053,2024-04-22 00:00:00,SENSOR-013,Rooftop - North,4.967,1.531,24.2,45.6,489.0,32.0,0
1054,2024-04-22 00:00:00,SENSOR-014,Rooftop - South,5.033,2.46,28.1,59.4,608.0,36.5,0
1055,2024-04-22 00:00:00,SENSOR-015,Basement - Main,-0.001,1.939,20.0,54.1,,43.4,0
1056,2024-04-22 00:00:00,SENSOR-016,Basement - Storage,-0.072,0.917,20.0,65.3,608.0,46.5,1
1057,2024-04-22 00:00:00,SENSOR-017,Lobby - Entrance,0.506,1.891,23.4,62.9,422.0,47.3,0
1058,2024-04-22 00:00:00,SENSOR-018,Lobby - Reception,0.543,1.028,23.5,56.7,371.0,35.9,0
1059,2024-04-22 00:00:00,SENSOR-019,Carpark - B1,-1.071,2.01,20.7,72.9,466.0,38.0,1
1060,2024-04-22 00:00:00,SENSOR-020,Carpark - B2,-1.965,2.014,19.6,60.7,442.0,46.1,1
1061,2024-04-23 00:00:00,SENSOR-001,Floor 1 - Zone A,1.014,0.92,21.8,62.4,459.0,43.3,1
1062,2024-04-23 00:00:00,SENSOR-002,Floor 1 - Zone B,0.968,2.022,20.6,41.9,523.0,48.1,1
1063,2024-04-23 00:00:00,SENSOR-003,Floor 1 - Zone C,1.064,2.979,23.2,56.2,,52.8,1
1064,2024-04-23 00:00:00,SENSOR-004,Floor 2 - Zone A,1.972,0.954,23.2,54.2,488.0,32.1,1
1065,2024-04-23 00:00:00,SENSOR-005,Floor 2 - Zone B,1.987,1.941,20.5,59.6,453.0,43.9,1
1066,2024-04-23 00:00:00,SENSOR-006,Floor 2 - Zone C,1.954,2.947,23.0,61.6,391.0,47.4,1
1067,2024-04-23 00:00:00,SENSOR-007,Floor 3 - Zone A,3.017,0.992,19.5,58.5,404.0,47.1,1
1068,2024-04-23 00:00:00,SENSOR-008,Floor 3 - Zone B,2.928,2.037,,55.8,431.0,27.9,1
1069,2024-04-23 00:00:00,SENSOR-009,Floor 3 - Zone C,2.999,2.989,21.0,49.6,355.0,33.1,0
1070,2024-04-23 00:00:00,SENSOR-010,Floor 4 - Zone A,4.002,1.017,23.6,63.5,433.0,38.3,1
1071,2024-04-23 00:00:00,SENSOR-011,Floor 4 - Zone B,3.994,2.012,23.3,42.2,478.0,38.2,0
1072,2024-04-23 00:00:00,SENSOR-012,Floor 4 - Zone C,4.01,3.077,21.9,57.9,345.0,47.9,1
1073,2024-04-23 00:00:00,SENSOR-013,Rooftop - North,5.041,1.496,25.1,58.1,378.0,32.3,1
1074,2024-04-23 00:00:00,SENSOR-014,Rooftop - South,4.957,2.472,27.0,64.7,391.0,42.2,1
1075,2024-04-23 00:00:00,SENSOR-015,Basement - Main,0.027,2.03,20.5,58.5,432.0,40.4,0
1076,2024-04-23 00:00:00,SENSOR-016,Basement - Storage,-0.071,0.925,21.1,58.1,306.0,35.7,1
1077,2024-04-23 00:00:00,SENSOR-017,Lobby - Entrance,0.523,2.049,20.7,36.6,416.0,32.5,1
1078,2024-04-23 00:00:00,SENSOR-018,Lobby - Reception,0.392,1.013,21.6,55.5,429.0,37.2,1
1079,2024-04-23 00:00:00,SENSOR-019,Carpark - B1,-0.966,1.868,20.7,52.5,380.0,39.5,0
1080,2024-04-23 00:00:00,SENSOR-020,Carpark - B2,-2.105,1.969,20.1,64.9,372.0,38.3,1
1081,2024-04-24 00:00:00,SENSOR-001,Floor 1 - Zone A,1.072,0.995,22.1,60.1,439.0,34.6,1
1082,2024-04-24 00:00:00,SENSOR-002,Floor 1 - Zone B,1.038,1.943,20.6,44.8,410.0,47.6,1
1083,2024-04-24 00:00:00,SENSOR-003,Floor 1 - Zone C,1.066,2.887,20.9,46.5,414.0,35.6,0
1084,2024-04-24 00:00:00,SENSOR-004,Floor 2 - Zone A,2.016,0.985,,50.7,407.0,48.0,1
1085,2024-04-24 00:00:00,SENSOR-005,Floor 2 - Zone B,1.964,1.914,22.0,65.1,449.0,46.2,0
1086,2024-04-24 00:00:00,SENSOR-006,Floor 2 - Zone C,1.961,3.009,23.8,52.9,522.0,65.5,1
1087,2024-04-24 00:00:00,SENSOR-007,Floor 3 - Zone A,2.982,0.991,21.4,56.1,496.0,46.4,1
1088,2024-04-24 00:00:00,SENSOR-008,Floor 3 - Zone B,3.065,2.011,22.5,44.7,486.0,64.6,1
1089,2024-04-24 00:00:00,SENSOR-009,Floor 3 - Zone C,3.05,3.04,21.4,54.0,448.0,40.2,1
1090,2024-04-24 00:00:00,SENSOR-010,Floor 4 - Zone A,3.972,1.004,20.5,55.9,323.0,50.2,0
1091,2024-04-24 00:00:00,SENSOR-011,Floor 4 - Zone B,4.019,2.02,21.2,53.2,310.0,54.0,0
1092,2024-04-24 00:00:00,SENSOR-012,Floor 4 - Zone C,3.978,2.922,,49.7,516.0,49.2,0
1093,2024-04-24 00:00:00,SENSOR-013,Rooftop - North,4.866,1.549,25.9,51.5,294.0,41.7,1
1094,2024-04-24 00:00:00,SENSOR-014,Rooftop - South,4.994,2.488,24.0,50.9,474.0,44.0,1
1095,2024-04-24 00:00:00,SENSOR-015,Basement - Main,0.083,1.928,19.0,56.9,486.0,33.6,1
1096,2024-04-24 00:00:00,SENSOR-016,Basement - Storage,0.113,0.914,20.0,42.5,356.0,34.6,1
1097,2024-04-24 00:00:00,SENSOR-017,Lobby - Entrance,0.481,1.99,21.1,70.2,373.0,61.8,1
1098,2024-04-24 00:00:00,SENSOR-018,Lobby - Reception,0.505,1.01,23.8,48.5,505.0,31.1,1
1099,2024-04-24 00:00:00,SENSOR-019,Carpark - B1,-1.008,1.9,19.1,71.4,355.0,43.0,1
1100,2024-04-24 00:00:00,SENSOR-020,Carpark - B2,-2.014,2.035,19.9,47.4,494.0,33.3,1
1101,2024-04-25 00:00:00,SENSOR-001,Floor 1 - Zone A,1.036,0.984,21.5,60.1,344.0,32.7,1
1102,2024-04-25 00:00:00,SENSOR-002,Floor 1 - Zone B,0.943,1.993,,53.9,603.0,58.4,1
1103,2024-04-25 00:00:00,SENSOR-003,Floor 1 - Zone C,1.053,2.984,20.6,40.1,563.0,44.0,1
1104,2024-04-25 00:00:00,SENSOR-004,Floor 2 - Zone A,1.97,1.06,20.9,45.4,406.0,35.2,1
1105,2024-04-25 00:00:00,SENSOR-005,Floor 2 - Zone B,1.949,2.0,21.9,51.8,500.0,39.5,1
1106,2024-04-25 00:00:00,SENSOR-006,Floor 2 - Zone C,1.983,3.07,19.9,54.6,507.0,43.7,0
1107,2024-04-25 00:00:00,SENSOR-007,Floor 3 - Zone A,3.021,0.935,,64.8,620.0,32.3,1
1108,2024-04-25 00:00:00,SENSOR-008,Floor 3 - Zone B,2.929,2.017,23.8,40.1,350.0,39.0,1
1109,2024-04-25 00:00:00,SENSOR-009,Floor 3 - Zone C,2.96,2.975,20.6,56.1,541.0,41.1,0
1110,2024-04-25 00:00:00,SENSOR-010,Floor 4 - Zone A,4.004,0.916,20.2,57.2,510.0,42.3,1
1111,2024-04-25 00:00:00,SENSOR-011,Floor 4 - Zone B,4.034,2.073,21.9,53.4,401.0,31.7,1
1112,2024-04-25 00:00:00,SENSOR-012,Floor 4 - Zone C,3.953,3.04,22.4,47.5,452.0,43.6,1
1113,2024-04-25 00:00:00,SENSOR-013,Rooftop - North,5.036,1.565,25.8,75.7,470.0,57.0,1
1114,2024-04-25 00:00:00,SENSOR-014,Rooftop - South,4.996,2.536,25.1,52.7,485.0,27.3,0
1115,2024-04-25 00:00:00,SENSOR-015,Basement - Main,-0.004,1.971,20.4,52.8,515.0,28.2,1
1116,2024-04-25 00:00:00,SENSOR-016,Basement - Storage,0.015,1.106,19.5,60.1,447.0,26.4,1
1117,2024-04-25 00:00:00,SENSOR-017,Lobby - Entrance,0.498,2.01,20.4,59.2,326.0,40.8,1
1118,2024-04-25 00:00:00,SENSOR-018,Lobby - Reception,0.461,0.899,21.4,59.3,480.0,31.7,1
1119,2024-04-25 00:00:00,SENSOR-019,Carpark - B1,-0.911,2.037,20.5,59.1,268.0,44.4,1
1120,2024-04-25 00:00:00,SENSOR-020,Carpark - B2,-2.011,1.99,18.3,49.6,278.0,33.1,1
1121,2024-04-26 00:00:00,SENSOR-001,Floor 1 - Zone A,1.032,0.929,20.6,55.3,500.0,48.9,0
1122,2024-04-26 00:00:00,SENSOR-002,Floor 1 - Zone B,1.04,2.075,20.4,54.5,538.0,36.5,1
1123,2024-04-26 00:00:00,SENSOR-003,Floor 1 - Zone C,1.039,2.972,22.7,57.0,,45.7,1
1124,2024-04-26 00:00:00,SENSOR-004,Floor 2 - Zone A,2.016,0.983,23.6,62.2,448.0,62.7,0
1125,2024-04-26 00:00:00,SENSOR-005,Floor 2 - Zone B,1.865,1.941,21.3,51.8,364.0,24.3,0
1126,2024-04-26 00:00:00,SENSOR-006,Floor 2 - Zone C,1.944,2.973,21.3,57.0,446.0,48.9,1
1127,2024-04-26 00:00:00,SENSOR-007,Floor 3 - Zone A,2.982,0.974,22.3,52.6,515.0,36.3,0
1128,2024-04-26 00:00:00,SENSOR-008,Floor 3 - Zone B,3.058,2.041,,57.9,483.0,35.5,0
1129,2024-04-26 00:00:00,SENSOR-009,Floor 3 - Zone C,3.037,2.99,20.5,55.3,482.0,30.7,1
1130,2024-04-26 00:00:00,SENSOR-010,Floor 4 - Zone A,3.9,1.037,20.8,41.5,503.0,52.5,1
1131,2024-04-26 00:00:00,SENSOR-011,Floor 4 - Zone B,3.965,2.007,22.3,47.8,457.0,60.7,1
1132,2024-04-26 00:00:00,SENSOR-012,Floor 4 - Zone C,3.989,3.046,21.7,49.8,492.0,48.7,1
1133,2024-04-26 00:00:00,SENSOR-013,Rooftop - North,4.985,1.511,25.1,59.1,499.0,32.3,1
1134,2024-04-26 00:00:00,SENSOR-014,Rooftop - South,4.942,2.475,25.0,61.2,533.0,56.6,0
1135,2024-04-26 00:00:00,SENSOR-015,Basement - Main,0.06,1.995,19.0,66.5,481.0,37.1,1
1136,2024-04-26 00:00:00,SENSOR-016,Basement - Storage,-0.028,1.005,19.3,61.9,470.0,59.3,0
1137,2024-04-26 00:00:00,SENSOR-017,Lobby - Entrance,0.46,2.009,21.5,68.1,424.0,29.3,1
1138,2024-04-26 00:00:00,SENSOR-018,Lobby - Reception,0.504,0.943,22.4,48.8,507.0,44.1,0
1139,2024-04-26 00:00:00,SENSOR-019,Carpark - B1,-1.04,2.001,20.1,57.3,491.0,35.2,1
1140,2024-04-26 00:00:00,SENSOR-020,Carpark - B2,-1.938,2.05,20.5,56.4,439.0,45.7,1
1141,2024-04-27 00:00:00,SENSOR-001,Floor 1 - Zone A,1.019,1.029,20.5,54.5,304.0,47.6,0
1142,2024-04-27 00:00:00,SENSOR-002,Floor 1 - Zone B,1.039,1.981,21.5,41.4,502.0,46.3,1
1143,2024-04-27 00:00:00,SENSOR-003,Floor 1 - Zone C,1.005,3.098,21.8,56.2,387.0,43.5,0
1144,2024-04-27 00:00:00,SENSOR-004,Floor 2 - Zone A,1.979,0.981,21.9,62.5,362.0,23.4,1
1145,2024-04-27 00:00:00,SENSOR-005,Floor 2 - Zone B,2.032,1.951,23.4,48.6,376.0,36.6,1
1146,2024-04-27 00:00:00,SENSOR-006,Floor 2 - Zone C,2.014,2.99,22.7,54.4,368.0,41.9,1
1147,2024-04-27 00:00:00,SENSOR-007,Floor 3 - Zone A,2.91,1.103,,73.1,,62.0,0
1148,2024-04-27 00:00:00,SENSOR-008,Floor 3 - Zone B,3.104,2.023,23.9,54.2,396.0,43.0,1
1149,2024-04-27 00:00:00,SENSOR-009,Floor 3 - Zone C,3.035,2.972,21.2,68.8,473.0,41.9,1
1150,2024-04-27 00:00:00,SENSOR-010,Floor 4 - Zone A,4.068,0.951,21.2,56.4,426.0,46.4,1
1151,2024-04-27 00:00:00,SENSOR-011,Floor 4 - Zone B,3.907,1.932,,60.2,404.0,49.2,1
1152,2024-04-27 00:00:00,SENSOR-012,Floor 4 - Zone C,3.955,2.981,22.1,53.5,520.0,19.0,1
1153,2024-04-27 00:00:00,SENSOR-013,Rooftop - North,5.045,1.444,27.2,65.4,465.0,48.8,0
1154,2024-04-27 00:00:00,SENSOR-014,Rooftop - South,5.005,2.565,24.4,51.8,411.0,33.9,0
1155,2024-04-27 00:00:00,SENSOR-015,Basement - Main,0.028,2.063,20.9,47.4,455.0,38.0,1
1156,2024-04-27 00:00:00,SENSOR-016,Basement - Storage,-0.022,0.995,22.6,49.8,413.0,48.1,0
1157,2024-04-27 00:00:00,SENSOR-017,Lobby - Entrance,0.381,1.965,22.3,63.0,257.0,53.5,1
1158,2024-04-27 00:00:00,SENSOR-018,Lobby - Reception,0.506,0.972,22.7,57.7,473.0,45.6,1
1159,2024-04-27 00:00:00,SENSOR-019,Carpark - B1,-0.965,1.92,19.5,71.4,401.0,52.3,1
1160,2024-04-27 00:00:00,SENSOR-020,Carpark - B2,-1.985,2.016,20.5,47.5,455.0,35.2,1
1161,2024-04-28 00:00:00,SENSOR-001,Floor 1 - Zone A,0.995,1.004,21.7,55.8,496.0,39.1,1
1162,2024-04-28 00:00:00,SENSOR-002,Floor 1 - Zone B,0.979,1.972,,49.8,512.0,37.0,1
1163,2024-04-28 00:00:00,SENSOR-003,Floor 1 - Zone C,1.053,2.958,20.0,62.9,468.0,26.4,0
1164,2024-04-28 00:00:00,SENSOR-004,Floor 2 - Zone A,2.044,1.1,22.2,42.4,540.0,39.5,1
1165,2024-04-28 00:00:00,SENSOR-005,Floor 2 - Zone B,1.921,1.994,,54.6,461.0,39.5,1
1166,2024-04-28 00:00:00,SENSOR-006,Floor 2 - Zone C,2.045,3.032,,63.5,252.0,27.0,1
1167,2024-04-28 00:00:00,SENSOR-007,Floor 3 - Zone A,2.991,0.957,22.9,51.3,407.0,52.1,1
1168,2024-04-28 00:00:00,SENSOR-008,Floor 3 - Zone B,2.959,1.985,22.6,56.6,445.0,43.1,1
1169,2024-04-28 00:00:00,SENSOR-009,Floor 3 - Zone C,3.046,2.98,22.4,65.0,397.0,53.5,0
1170,2024-04-28 00:00:00,SENSOR-010,Floor 4 - Zone A,4.052,0.984,20.8,43.0,428.0,25.0,1
1171,2024-04-28 00:00:00,SENSOR-011,Floor 4 - Zone B,3.978,2.023,23.7,59.1,481.0,59.1,0
1172,2024-04-28 00:00:00,SENSOR-012,Floor 4 - Zone C,4.016,2.955,22.2,56.5,446.0,47.1,1
1173,2024-04-28 00:00:00,SENSOR-013,Rooftop - North,4.959,1.487,25.5,58.2,482.0,49.1,1
1174,2024-04-28 00:00:00,SENSOR-014,Rooftop - South,5.025,2.443,27.4,55.4,413.0,37.4,1
1175,2024-04-28 00:00:00,SENSOR-015,Basement - Main,-0.061,2.04,21.8,42.4,431.0,49.7,1
1176,2024-04-28 00:00:00,SENSOR-016,Basement - Storage,0.014,1.041,21.0,58.9,332.0,41.3,0
1177,2024-04-28 00:00:00,SENSOR-017,Lobby - Entrance,0.466,2.075,22.6,41.7,450.0,50.2,1
1178,2024-04-28 00:00:00,SENSOR-018,Lobby - Reception,0.577,1.113,20.2,61.7,501.0,52.6,1
1179,2024-04-28 00:00:00,SENSOR-019,Carpark - B1,-0.989,2.034,21.4,48.5,361.0,48.7,1
1180,2024-04-28 00:00:00,SENSOR-020,Carpark - B2,-1.975,1.983,21.1,58.5,497.0,28.9,1
1181,2024-04-29 00:00:00,SENSOR-001,Floor 1 - Zone A,1.045,0.944,22.2,69.7,435.0,42.1,1
1182,2024-04-29 00:00:00,SENSOR-002,Floor 1 - Zone B,0.967,1.998,21.6,57.6,427.0,32.5,1
1183,2024-04-29 00:00:00,SENSOR-003,Floor 1 - Zone C,1.038,3.087,22.1,42.1,423.0,38.5,1
1184,2024-04-29 00:00:00,SENSOR-004,Floor 2 - Zone A,2.037,1.077,21.6,66.9,424.0,50.9,0
1185,2024-04-29 00:00:00,SENSOR-005,Floor 2 - Zone B,1.998,1.989,21.1,50.7,577.0,44.1,1
1186,2024-04-29 00:00:00,SENSOR-006,Floor 2 - Zone C,2.003,3.018,20.2,57.1,432.0,53.6,1
1187,2024-04-29 00:00:00,SENSOR-007,Floor 3 - Zone A,3.063,1.051,24.0,44.5,499.0,31.9,1
1188,2024-04-29 00:00:00,SENSOR-008,Floor 3 - Zone B,2.944,2.018,23.0,58.7,530.0,50.8,0
1189,2024-04-29 00:00:00,SENSOR-009,Floor 3 - Zone C,2.98,3.068,22.9,57.1,498.0,36.3,1
1190,2024-04-29 00:00:00,SENSOR-010,Floor 4 - Zone A,3.93,0.971,,64.6,524.0,37.6,0
1191,2024-04-29 00:00:00,SENSOR-011,Floor 4 - Zone B,4.133,2.068,22.2,51.7,486.0,58.0,0
1192,2024-04-29 00:00:00,SENSOR-012,Floor 4 - Zone C,4.022,2.975,22.1,43.2,464.0,31.6,1
1193,2024-04-29 00:00:00,SENSOR-013,Rooftop - North,4.928,1.58,27.1,52.5,376.0,44.8,1
1194,2024-04-29 00:00:00,SENSOR-014,Rooftop - South,4.989,2.477,26.4,63.0,421.0,56.4,1
1195,2024-04-29 00:00:00,SENSOR-015,Basement - Main,-0.008,1.952,19.8,66.6,504.0,38.3,0
1196,2024-04-29 00:00:00,SENSOR-016,Basement - Storage,0.056,0.934,19.3,66.7,428.0,29.0,1
1197,2024-04-29 00:00:00,SENSOR-017,Lobby - Entrance,0.58,1.991,22.1,49.7,516.0,40.0,0
1198,2024-04-29 00:00:00,SENSOR-018,Lobby - Reception,0.506,0.98,21.8,45.8,526.0,32.8,1
1199,2024-04-29 00:00:00,SENSOR-019,Carpark - B1,-1.035,2.043,21.4,43.3,419.0,46.2,1
1200,2024-04-29 00:00:00,SENSOR-020,Carpark - B2,-1.99,1.964,20.4,49.2,464.0,61.3,0
201,2024-03-11 00:00:00,SENSOR-001,Floor 1 - Zone A,0.952,1.046,22.2,60.7,415.0,18.8,0
202,2024-03-11 00:00:00,SENSOR-002,Floor 1 - Zone B,1.032,2.001,20.9,44.0,402.0,37.2,1
203,2024-03-11 00:00:00,SENSOR-003,Floor 1 - Zone C,1.07,2.977,21.7,66.1,418.0,66.1,1
204,2024-03-11 00:00:00,SENSOR-004,Floor 2 - Zone A,2.024,0.952,22.7,62.9,493.0,47.4,1
205,2024-03-11 00:00:00,SENSOR-005,Floor 2 - Zone B,1.985,2.007,21.7,48.6,478.0,28.1,1
